"REF_DATE","GEO","DGUID","Gender","Indicators","Statistics","UOM","UOM_ID","SCALAR_FACTOR","SCALAR_ID","VECTOR","COORDINATE","VALUE","STATUS","SYMBOL","TERMINATED","DECIMALS"
"2021-07","Canada (excluding territories)","2016A000011124","Men","Satisfaction with local environment rating between 0 and 5","Percentage of persons","Percent","239","units","0","v1427778576","1.2.1.1","11.7","","","","1"
"2022-07","Canada (excluding territories)","2016A000011124","Men","Satisfaction with local environment rating between 0 and 5","Percentage of persons","Percent","239","units","0","v1427778576","1.2.1.1","13.5","","","","1"
"2022-10","Canada (excluding territories)","2016A000011124","Men","Satisfaction with local environment rating between 0 and 5","Percentage of persons","Percent","239","units","0","v1427778576","1.2.1.1","15.3","","","","1"
"2021-07","Canada (excluding territories)","2016A000011124","Men","Satisfaction with local environment rating between 0 and 5","Number of persons","Number","223","thousands","3","v1427778579","1.2.1.4","1787","","","","0"
"2022-07","Canada (excluding territories)","2016A000011124","Men","Satisfaction with local environment rating between 0 and 5","Number of persons","Number","223","thousands","3","v1427778579","1.2.1.4","2133","","","","0"
"2022-10","Canada (excluding territories)","2016A000011124","Men","Satisfaction with local environment rating between 0 and 5","Number of persons","Number","223","thousands","3","v1427778579","1.2.1.4","2428","","","","0"
"2021-07","Canada (excluding territories)","2016A000011124","Men","Satisfaction with local environment rating of 6 or 7","Percentage of persons","Percent","239","units","0","v1427778585","1.2.2.1","21.3","","","","1"
"2022-07","Canada (excluding territories)","2016A000011124","Men","Satisfaction with local environment rating of 6 or 7","Percentage of persons","Percent","239","units","0","v1427778585","1.2.2.1","21.7","","","","1"
"2022-10","Canada (excluding territories)","2016A000011124","Men","Satisfaction with local environment rating of 6 or 7","Percentage of persons","Percent","239","units","0","v1427778585","1.2.2.1","22.4","","","","1"
"2021-07","Canada (excluding territories)","2016A000011124","Men","Satisfaction with local environment rating of 6 or 7","Number of persons","Number","223","thousands","3","v1427778588","1.2.2.4","3267","","","","0"
"2022-07","Canada (excluding territories)","2016A000011124","Men","Satisfaction with local environment rating of 6 or 7","Number of persons","Number","223","thousands","3","v1427778588","1.2.2.4","3427","","","","0"
"2022-10","Canada (excluding territories)","2016A000011124","Men","Satisfaction with local environment rating of 6 or 7","Number of persons","Number","223","thousands","3","v1427778588","1.2.2.4","3540","","","","0"
"2021-07","Canada (excluding territories)","2016A000011124","Men","Satisfaction with local environment rating of 8, 9 or 10","Percentage of persons","Percent","239","units","0","v1427778594","1.2.3.1","67.0","","","","1"
"2022-07","Canada (excluding territories)","2016A000011124","Men","Satisfaction with local environment rating of 8, 9 or 10","Percentage of persons","Percent","239","units","0","v1427778594","1.2.3.1","64.8","","","","1"
"2022-10","Canada (excluding territories)","2016A000011124","Men","Satisfaction with local environment rating of 8, 9 or 10","Percentage of persons","Percent","239","units","0","v1427778594","1.2.3.1","62.3","","","","1"
"2021-07","Canada (excluding territories)","2016A000011124","Men","Satisfaction with local environment rating of 8, 9 or 10","Number of persons","Number","223","thousands","3","v1427778597","1.2.3.4","10248","","","","0"
"2022-07","Canada (excluding territories)","2016A000011124","Men","Satisfaction with local environment rating of 8, 9 or 10","Number of persons","Number","223","thousands","3","v1427778597","1.2.3.4","10219","","","","0"
"2022-10","Canada (excluding territories)","2016A000011124","Men","Satisfaction with local environment rating of 8, 9 or 10","Number of persons","Number","223","thousands","3","v1427778597","1.2.3.4","9853","","","","0"
"2021-07","Canada (excluding territories)","2016A000011124","Women","Satisfaction with local environment rating between 0 and 5","Percentage of persons","Percent","239","units","0","v1427778612","1.3.1.1","11.9","","","","1"
"2022-07","Canada (excluding territories)","2016A000011124","Women","Satisfaction with local environment rating between 0 and 5","Percentage of persons","Percent","239","units","0","v1427778612","1.3.1.1","15.2","","","","1"
"2022-10","Canada (excluding territories)","2016A000011124","Women","Satisfaction with local environment rating between 0 and 5","Percentage of persons","Percent","239","units","0","v1427778612","1.3.1.1","17.5","","","","1"
"2021-07","Canada (excluding territories)","2016A000011124","Women","Satisfaction with local environment rating between 0 and 5","Number of persons","Number","223","thousands","3","v1427778615","1.3.1.4","1863","","","","0"
"2022-07","Canada (excluding territories)","2016A000011124","Women","Satisfaction with local environment rating between 0 and 5","Number of persons","Number","223","thousands","3","v1427778615","1.3.1.4","2434","","","","0"
"2022-10","Canada (excluding territories)","2016A000011124","Women","Satisfaction with local environment rating between 0 and 5","Number of persons","Number","223","thousands","3","v1427778615","1.3.1.4","2826","","","","0"
"2021-07","Canada (excluding territories)","2016A000011124","Women","Satisfaction with local environment rating of 6 or 7","Percentage of persons","Percent","239","units","0","v1427778621","1.3.2.1","21.9","","","","1"
"2022-07","Canada (excluding territories)","2016A000011124","Women","Satisfaction with local environment rating of 6 or 7","Percentage of persons","Percent","239","units","0","v1427778621","1.3.2.1","20.7","","","","1"
"2022-10","Canada (excluding territories)","2016A000011124","Women","Satisfaction with local environment rating of 6 or 7","Percentage of persons","Percent","239","units","0","v1427778621","1.3.2.1","24.1","","","","1"
"2021-07","Canada (excluding territories)","2016A000011124","Women","Satisfaction with local environment rating of 6 or 7","Number of persons","Number","223","thousands","3","v1427778624","1.3.2.4","3436","","","","0"
"2022-07","Canada (excluding territories)","2016A000011124","Women","Satisfaction with local environment rating of 6 or 7","Number of persons","Number","223","thousands","3","v1427778624","1.3.2.4","3314","","","","0"
"2022-10","Canada (excluding territories)","2016A000011124","Women","Satisfaction with local environment rating of 6 or 7","Number of persons","Number","223","thousands","3","v1427778624","1.3.2.4","3896","","","","0"
"2021-07","Canada (excluding territories)","2016A000011124","Women","Satisfaction with local environment rating of 8, 9 or 10","Percentage of persons","Percent","239","units","0","v1427778630","1.3.3.1","66.2","","","","1"
"2022-07","Canada (excluding territories)","2016A000011124","Women","Satisfaction with local environment rating of 8, 9 or 10","Percentage of persons","Percent","239","units","0","v1427778630","1.3.3.1","64.1","","","","1"
"2022-10","Canada (excluding territories)","2016A000011124","Women","Satisfaction with local environment rating of 8, 9 or 10","Percentage of persons","Percent","239","units","0","v1427778630","1.3.3.1","58.4","","","","1"
"2021-07","Canada (excluding territories)","2016A000011124","Women","Satisfaction with local environment rating of 8, 9 or 10","Number of persons","Number","223","thousands","3","v1427778633","1.3.3.4","10394","","","","0"
"2022-07","Canada (excluding territories)","2016A000011124","Women","Satisfaction with local environment rating of 8, 9 or 10","Number of persons","Number","223","thousands","3","v1427778633","1.3.3.4","10248","","","","0"
"2022-10","Canada (excluding territories)","2016A000011124","Women","Satisfaction with local environment rating of 8, 9 or 10","Number of persons","Number","223","thousands","3","v1427778633","1.3.3.4","9423","","","","0"
"2021-07","Atlantic Region","2016A00011","Men","Satisfaction with local environment rating between 0 and 5","Percentage of persons","Percent","239","units","0","v1427778684","2.2.1.1","8.8","","","","1"
"2022-07","Atlantic Region","2016A00011","Men","Satisfaction with local environment rating between 0 and 5","Percentage of persons","Percent","239","units","0","v1427778684","2.2.1.1","13.0","","","","1"
"2022-10","Atlantic Region","2016A00011","Men","Satisfaction with local environment rating between 0 and 5","Percentage of persons","Percent","239","units","0","v1427778684","2.2.1.1","14.5","","","","1"
"2021-07","Atlantic Region","2016A00011","Men","Satisfaction with local environment rating between 0 and 5","Number of persons","Number","223","thousands","3","v1427778687","2.2.1.4","88","E","","","0"
"2022-07","Atlantic Region","2016A00011","Men","Satisfaction with local environment rating between 0 and 5","Number of persons","Number","223","thousands","3","v1427778687","2.2.1.4","135","E","","","0"
"2022-10","Atlantic Region","2016A00011","Men","Satisfaction with local environment rating between 0 and 5","Number of persons","Number","223","thousands","3","v1427778687","2.2.1.4","152","","","","0"
"2021-07","Atlantic Region","2016A00011","Men","Satisfaction with local environment rating of 6 or 7","Percentage of persons","Percent","239","units","0","v1427778693","2.2.2.1","18.1","","","","1"
"2022-07","Atlantic Region","2016A00011","Men","Satisfaction with local environment rating of 6 or 7","Percentage of persons","Percent","239","units","0","v1427778693","2.2.2.1","17.4","","","","1"
"2022-10","Atlantic Region","2016A00011","Men","Satisfaction with local environment rating of 6 or 7","Percentage of persons","Percent","239","units","0","v1427778693","2.2.2.1","19.4","","","","1"
"2021-07","Atlantic Region","2016A00011","Men","Satisfaction with local environment rating of 6 or 7","Number of persons","Number","223","thousands","3","v1427778696","2.2.2.4","181","","","","0"
"2022-07","Atlantic Region","2016A00011","Men","Satisfaction with local environment rating of 6 or 7","Number of persons","Number","223","thousands","3","v1427778696","2.2.2.4","180","","","","0"
"2022-10","Atlantic Region","2016A00011","Men","Satisfaction with local environment rating of 6 or 7","Number of persons","Number","223","thousands","3","v1427778696","2.2.2.4","202","","","","0"
"2021-07","Atlantic Region","2016A00011","Men","Satisfaction with local environment rating of 8, 9 or 10","Percentage of persons","Percent","239","units","0","v1427778702","2.2.3.1","73.0","","","","1"
"2022-07","Atlantic Region","2016A00011","Men","Satisfaction with local environment rating of 8, 9 or 10","Percentage of persons","Percent","239","units","0","v1427778702","2.2.3.1","69.7","","","","1"
"2022-10","Atlantic Region","2016A00011","Men","Satisfaction with local environment rating of 8, 9 or 10","Percentage of persons","Percent","239","units","0","v1427778702","2.2.3.1","66.1","","","","1"
"2021-07","Atlantic Region","2016A00011","Men","Satisfaction with local environment rating of 8, 9 or 10","Number of persons","Number","223","thousands","3","v1427778705","2.2.3.4","728","","","","0"
"2022-07","Atlantic Region","2016A00011","Men","Satisfaction with local environment rating of 8, 9 or 10","Number of persons","Number","223","thousands","3","v1427778705","2.2.3.4","722","","","","0"
"2022-10","Atlantic Region","2016A00011","Men","Satisfaction with local environment rating of 8, 9 or 10","Number of persons","Number","223","thousands","3","v1427778705","2.2.3.4","690","","","","0"
"2021-07","Atlantic Region","2016A00011","Women","Satisfaction with local environment rating between 0 and 5","Percentage of persons","Percent","239","units","0","v1427778720","2.3.1.1","13.7","","","","1"
"2022-07","Atlantic Region","2016A00011","Women","Satisfaction with local environment rating between 0 and 5","Percentage of persons","Percent","239","units","0","v1427778720","2.3.1.1","11.2","","","","1"
"2022-10","Atlantic Region","2016A00011","Women","Satisfaction with local environment rating between 0 and 5","Percentage of persons","Percent","239","units","0","v1427778720","2.3.1.1","16.2","","","","1"
"2021-07","Atlantic Region","2016A00011","Women","Satisfaction with local environment rating between 0 and 5","Number of persons","Number","223","thousands","3","v1427778723","2.3.1.4","144","","","","0"
"2022-07","Atlantic Region","2016A00011","Women","Satisfaction with local environment rating between 0 and 5","Number of persons","Number","223","thousands","3","v1427778723","2.3.1.4","120","","","","0"
"2022-10","Atlantic Region","2016A00011","Women","Satisfaction with local environment rating between 0 and 5","Number of persons","Number","223","thousands","3","v1427778723","2.3.1.4","174","","","","0"
"2021-07","Atlantic Region","2016A00011","Women","Satisfaction with local environment rating of 6 or 7","Percentage of persons","Percent","239","units","0","v1427778729","2.3.2.1","18.2","","","","1"
"2022-07","Atlantic Region","2016A00011","Women","Satisfaction with local environment rating of 6 or 7","Percentage of persons","Percent","239","units","0","v1427778729","2.3.2.1","19.1","","","","1"
"2022-10","Atlantic Region","2016A00011","Women","Satisfaction with local environment rating of 6 or 7","Percentage of persons","Percent","239","units","0","v1427778729","2.3.2.1","21.3","","","","1"
"2021-07","Atlantic Region","2016A00011","Women","Satisfaction with local environment rating of 6 or 7","Number of persons","Number","223","thousands","3","v1427778732","2.3.2.4","191","","","","0"
"2022-07","Atlantic Region","2016A00011","Women","Satisfaction with local environment rating of 6 or 7","Number of persons","Number","223","thousands","3","v1427778732","2.3.2.4","205","","","","0"
"2022-10","Atlantic Region","2016A00011","Women","Satisfaction with local environment rating of 6 or 7","Number of persons","Number","223","thousands","3","v1427778732","2.3.2.4","228","","","","0"
"2021-07","Atlantic Region","2016A00011","Women","Satisfaction with local environment rating of 8, 9 or 10","Percentage of persons","Percent","239","units","0","v1427778738","2.3.3.1","68.1","","","","1"
"2022-07","Atlantic Region","2016A00011","Women","Satisfaction with local environment rating of 8, 9 or 10","Percentage of persons","Percent","239","units","0","v1427778738","2.3.3.1","69.7","","","","1"
"2022-10","Atlantic Region","2016A00011","Women","Satisfaction with local environment rating of 8, 9 or 10","Percentage of persons","Percent","239","units","0","v1427778738","2.3.3.1","62.6","","","","1"
"2021-07","Atlantic Region","2016A00011","Women","Satisfaction with local environment rating of 8, 9 or 10","Number of persons","Number","223","thousands","3","v1427778741","2.3.3.4","716","","","","0"
"2022-07","Atlantic Region","2016A00011","Women","Satisfaction with local environment rating of 8, 9 or 10","Number of persons","Number","223","thousands","3","v1427778741","2.3.3.4","749","","","","0"
"2022-10","Atlantic Region","2016A00011","Women","Satisfaction with local environment rating of 8, 9 or 10","Number of persons","Number","223","thousands","3","v1427778741","2.3.3.4","672","","","","0"
"2021-07","Newfoundland and Labrador","2016A000210","Men","Satisfaction with local environment rating between 0 and 5","Percentage of persons","Percent","239","units","0","v1427778792","3.2.1.1","6.6","","","","1"
"2022-07","Newfoundland and Labrador","2016A000210","Men","Satisfaction with local environment rating between 0 and 5","Percentage of persons","Percent","239","units","0","v1427778792","3.2.1.1","21.3","","","","1"
"2022-10","Newfoundland and Labrador","2016A000210","Men","Satisfaction with local environment rating between 0 and 5","Percentage of persons","Percent","239","units","0","v1427778792","3.2.1.1","7.8","","","","1"
"2021-07","Newfoundland and Labrador","2016A000210","Men","Satisfaction with local environment rating between 0 and 5","Number of persons","Number","223","thousands","3","v1427778795","3.2.1.4","","F","","","0"
"2022-07","Newfoundland and Labrador","2016A000210","Men","Satisfaction with local environment rating between 0 and 5","Number of persons","Number","223","thousands","3","v1427778795","3.2.1.4","","F","","","0"
"2022-10","Newfoundland and Labrador","2016A000210","Men","Satisfaction with local environment rating between 0 and 5","Number of persons","Number","223","thousands","3","v1427778795","3.2.1.4","","F","","","0"
"2021-07","Newfoundland and Labrador","2016A000210","Men","Satisfaction with local environment rating of 6 or 7","Percentage of persons","Percent","239","units","0","v1427778801","3.2.2.1","15.9","","","","1"
"2022-07","Newfoundland and Labrador","2016A000210","Men","Satisfaction with local environment rating of 6 or 7","Percentage of persons","Percent","239","units","0","v1427778801","3.2.2.1","15.8","","","","1"
"2022-10","Newfoundland and Labrador","2016A000210","Men","Satisfaction with local environment rating of 6 or 7","Percentage of persons","Percent","239","units","0","v1427778801","3.2.2.1","17.2","","","","1"
"2021-07","Newfoundland and Labrador","2016A000210","Men","Satisfaction with local environment rating of 6 or 7","Number of persons","Number","223","thousands","3","v1427778804","3.2.2.4","","F","","","0"
"2022-07","Newfoundland and Labrador","2016A000210","Men","Satisfaction with local environment rating of 6 or 7","Number of persons","Number","223","thousands","3","v1427778804","3.2.2.4","","F","","","0"
"2022-10","Newfoundland and Labrador","2016A000210","Men","Satisfaction with local environment rating of 6 or 7","Number of persons","Number","223","thousands","3","v1427778804","3.2.2.4","","F","","","0"
"2021-07","Newfoundland and Labrador","2016A000210","Men","Satisfaction with local environment rating of 8, 9 or 10","Percentage of persons","Percent","239","units","0","v1427778810","3.2.3.1","77.5","","","","1"
"2022-07","Newfoundland and Labrador","2016A000210","Men","Satisfaction with local environment rating of 8, 9 or 10","Percentage of persons","Percent","239","units","0","v1427778810","3.2.3.1","62.9","","","","1"
"2022-10","Newfoundland and Labrador","2016A000210","Men","Satisfaction with local environment rating of 8, 9 or 10","Percentage of persons","Percent","239","units","0","v1427778810","3.2.3.1","75.0","","","","1"
"2021-07","Newfoundland and Labrador","2016A000210","Men","Satisfaction with local environment rating of 8, 9 or 10","Number of persons","Number","223","thousands","3","v1427778813","3.2.3.4","163","","","","0"
"2022-07","Newfoundland and Labrador","2016A000210","Men","Satisfaction with local environment rating of 8, 9 or 10","Number of persons","Number","223","thousands","3","v1427778813","3.2.3.4","139","","","","0"
"2022-10","Newfoundland and Labrador","2016A000210","Men","Satisfaction with local environment rating of 8, 9 or 10","Number of persons","Number","223","thousands","3","v1427778813","3.2.3.4","164","","","","0"
"2021-07","Newfoundland and Labrador","2016A000210","Women","Satisfaction with local environment rating between 0 and 5","Percentage of persons","Percent","239","units","0","v1427778828","3.3.1.1","14.5","","","","1"
"2022-07","Newfoundland and Labrador","2016A000210","Women","Satisfaction with local environment rating between 0 and 5","Percentage of persons","Percent","239","units","0","v1427778828","3.3.1.1","11.6","","","","1"
"2022-10","Newfoundland and Labrador","2016A000210","Women","Satisfaction with local environment rating between 0 and 5","Percentage of persons","Percent","239","units","0","v1427778828","3.3.1.1","16.8","","","","1"
"2021-07","Newfoundland and Labrador","2016A000210","Women","Satisfaction with local environment rating between 0 and 5","Number of persons","Number","223","thousands","3","v1427778831","3.3.1.4","","F","","","0"
"2022-07","Newfoundland and Labrador","2016A000210","Women","Satisfaction with local environment rating between 0 and 5","Number of persons","Number","223","thousands","3","v1427778831","3.3.1.4","","F","","","0"
"2022-10","Newfoundland and Labrador","2016A000210","Women","Satisfaction with local environment rating between 0 and 5","Number of persons","Number","223","thousands","3","v1427778831","3.3.1.4","","F","","","0"
"2021-07","Newfoundland and Labrador","2016A000210","Women","Satisfaction with local environment rating of 6 or 7","Percentage of persons","Percent","239","units","0","v1427778837","3.3.2.1","12.6","","","","1"
"2022-07","Newfoundland and Labrador","2016A000210","Women","Satisfaction with local environment rating of 6 or 7","Percentage of persons","Percent","239","units","0","v1427778837","3.3.2.1","18.0","","","","1"
"2022-10","Newfoundland and Labrador","2016A000210","Women","Satisfaction with local environment rating of 6 or 7","Percentage of persons","Percent","239","units","0","v1427778837","3.3.2.1","24.4","","","","1"
"2021-07","Newfoundland and Labrador","2016A000210","Women","Satisfaction with local environment rating of 6 or 7","Number of persons","Number","223","thousands","3","v1427778840","3.3.2.4","","F","","","0"
"2022-07","Newfoundland and Labrador","2016A000210","Women","Satisfaction with local environment rating of 6 or 7","Number of persons","Number","223","thousands","3","v1427778840","3.3.2.4","","F","","","0"
"2022-10","Newfoundland and Labrador","2016A000210","Women","Satisfaction with local environment rating of 6 or 7","Number of persons","Number","223","thousands","3","v1427778840","3.3.2.4","56","E","","","0"
"2021-07","Newfoundland and Labrador","2016A000210","Women","Satisfaction with local environment rating of 8, 9 or 10","Percentage of persons","Percent","239","units","0","v1427778846","3.3.3.1","73.0","","","","1"
"2022-07","Newfoundland and Labrador","2016A000210","Women","Satisfaction with local environment rating of 8, 9 or 10","Percentage of persons","Percent","239","units","0","v1427778846","3.3.3.1","70.4","","","","1"
"2022-10","Newfoundland and Labrador","2016A000210","Women","Satisfaction with local environment rating of 8, 9 or 10","Percentage of persons","Percent","239","units","0","v1427778846","3.3.3.1","58.8","","","","1"
"2021-07","Newfoundland and Labrador","2016A000210","Women","Satisfaction with local environment rating of 8, 9 or 10","Number of persons","Number","223","thousands","3","v1427778849","3.3.3.4","167","","","","0"
"2022-07","Newfoundland and Labrador","2016A000210","Women","Satisfaction with local environment rating of 8, 9 or 10","Number of persons","Number","223","thousands","3","v1427778849","3.3.3.4","161","","","","0"
"2022-10","Newfoundland and Labrador","2016A000210","Women","Satisfaction with local environment rating of 8, 9 or 10","Number of persons","Number","223","thousands","3","v1427778849","3.3.3.4","134","","","","0"
"2021-07","Prince Edward Island","2016A000211","Men","Satisfaction with local environment rating between 0 and 5","Percentage of persons","Percent","239","units","0","v1427778900","4.2.1.1","10.0","","","","1"
"2022-07","Prince Edward Island","2016A000211","Men","Satisfaction with local environment rating between 0 and 5","Percentage of persons","Percent","239","units","0","v1427778900","4.2.1.1","9.7","","","","1"
"2022-10","Prince Edward Island","2016A000211","Men","Satisfaction with local environment rating between 0 and 5","Percentage of persons","Percent","239","units","0","v1427778900","4.2.1.1","24.7","","","","1"
"2021-07","Prince Edward Island","2016A000211","Men","Satisfaction with local environment rating between 0 and 5","Number of persons","Number","223","thousands","3","v1427778903","4.2.1.4","","F","","","0"
"2022-07","Prince Edward Island","2016A000211","Men","Satisfaction with local environment rating between 0 and 5","Number of persons","Number","223","thousands","3","v1427778903","4.2.1.4","","F","","","0"
"2022-10","Prince Edward Island","2016A000211","Men","Satisfaction with local environment rating between 0 and 5","Number of persons","Number","223","thousands","3","v1427778903","4.2.1.4","","F","","","0"
"2021-07","Prince Edward Island","2016A000211","Men","Satisfaction with local environment rating of 6 or 7","Percentage of persons","Percent","239","units","0","v1427778909","4.2.2.1","14.7","","","","1"
"2022-07","Prince Edward Island","2016A000211","Men","Satisfaction with local environment rating of 6 or 7","Percentage of persons","Percent","239","units","0","v1427778909","4.2.2.1","14.8","","","","1"
"2022-10","Prince Edward Island","2016A000211","Men","Satisfaction with local environment rating of 6 or 7","Percentage of persons","Percent","239","units","0","v1427778909","4.2.2.1","13.6","","","","1"
"2021-07","Prince Edward Island","2016A000211","Men","Satisfaction with local environment rating of 6 or 7","Number of persons","Number","223","thousands","3","v1427778912","4.2.2.4","","F","","","0"
"2022-07","Prince Edward Island","2016A000211","Men","Satisfaction with local environment rating of 6 or 7","Number of persons","Number","223","thousands","3","v1427778912","4.2.2.4","","F","","","0"
"2022-10","Prince Edward Island","2016A000211","Men","Satisfaction with local environment rating of 6 or 7","Number of persons","Number","223","thousands","3","v1427778912","4.2.2.4","","F","","","0"
"2021-07","Prince Edward Island","2016A000211","Men","Satisfaction with local environment rating of 8, 9 or 10","Percentage of persons","Percent","239","units","0","v1427778918","4.2.3.1","75.3","","","","1"
"2022-07","Prince Edward Island","2016A000211","Men","Satisfaction with local environment rating of 8, 9 or 10","Percentage of persons","Percent","239","units","0","v1427778918","4.2.3.1","75.5","","","","1"
"2022-10","Prince Edward Island","2016A000211","Men","Satisfaction with local environment rating of 8, 9 or 10","Percentage of persons","Percent","239","units","0","v1427778918","4.2.3.1","61.7","","","","1"
"2021-07","Prince Edward Island","2016A000211","Men","Satisfaction with local environment rating of 8, 9 or 10","Number of persons","Number","223","thousands","3","v1427778921","4.2.3.4","50","","","","0"
"2022-07","Prince Edward Island","2016A000211","Men","Satisfaction with local environment rating of 8, 9 or 10","Number of persons","Number","223","thousands","3","v1427778921","4.2.3.4","51","","","","0"
"2022-10","Prince Edward Island","2016A000211","Men","Satisfaction with local environment rating of 8, 9 or 10","Number of persons","Number","223","thousands","3","v1427778921","4.2.3.4","44","","","","0"
"2021-07","Prince Edward Island","2016A000211","Women","Satisfaction with local environment rating between 0 and 5","Percentage of persons","Percent","239","units","0","v1427778936","4.3.1.1","5.1","","","","1"
"2022-07","Prince Edward Island","2016A000211","Women","Satisfaction with local environment rating between 0 and 5","Percentage of persons","Percent","239","units","0","v1427778936","4.3.1.1","8.7","","","","1"
"2022-10","Prince Edward Island","2016A000211","Women","Satisfaction with local environment rating between 0 and 5","Percentage of persons","Percent","239","units","0","v1427778936","4.3.1.1","9.0","","","","1"
"2021-07","Prince Edward Island","2016A000211","Women","Satisfaction with local environment rating between 0 and 5","Number of persons","Number","223","thousands","3","v1427778939","4.3.1.4","","F","","","0"
"2022-07","Prince Edward Island","2016A000211","Women","Satisfaction with local environment rating between 0 and 5","Number of persons","Number","223","thousands","3","v1427778939","4.3.1.4","","F","","","0"
"2022-10","Prince Edward Island","2016A000211","Women","Satisfaction with local environment rating between 0 and 5","Number of persons","Number","223","thousands","3","v1427778939","4.3.1.4","","F","","","0"
"2021-07","Prince Edward Island","2016A000211","Women","Satisfaction with local environment rating of 6 or 7","Percentage of persons","Percent","239","units","0","v1427778945","4.3.2.1","17.4","","","","1"
"2022-07","Prince Edward Island","2016A000211","Women","Satisfaction with local environment rating of 6 or 7","Percentage of persons","Percent","239","units","0","v1427778945","4.3.2.1","14.5","","","","1"
"2022-10","Prince Edward Island","2016A000211","Women","Satisfaction with local environment rating of 6 or 7","Percentage of persons","Percent","239","units","0","v1427778945","4.3.2.1","17.5","","","","1"
"2021-07","Prince Edward Island","2016A000211","Women","Satisfaction with local environment rating of 6 or 7","Number of persons","Number","223","thousands","3","v1427778948","4.3.2.4","","F","","","0"
"2022-07","Prince Edward Island","2016A000211","Women","Satisfaction with local environment rating of 6 or 7","Number of persons","Number","223","thousands","3","v1427778948","4.3.2.4","","F","","","0"
"2022-10","Prince Edward Island","2016A000211","Women","Satisfaction with local environment rating of 6 or 7","Number of persons","Number","223","thousands","3","v1427778948","4.3.2.4","","F","","","0"
"2021-07","Prince Edward Island","2016A000211","Women","Satisfaction with local environment rating of 8, 9 or 10","Percentage of persons","Percent","239","units","0","v1427778954","4.3.3.1","77.6","","","","1"
"2022-07","Prince Edward Island","2016A000211","Women","Satisfaction with local environment rating of 8, 9 or 10","Percentage of persons","Percent","239","units","0","v1427778954","4.3.3.1","76.9","","","","1"
"2022-10","Prince Edward Island","2016A000211","Women","Satisfaction with local environment rating of 8, 9 or 10","Percentage of persons","Percent","239","units","0","v1427778954","4.3.3.1","73.5","","","","1"
"2021-07","Prince Edward Island","2016A000211","Women","Satisfaction with local environment rating of 8, 9 or 10","Number of persons","Number","223","thousands","3","v1427778957","4.3.3.4","53","","","","0"
"2022-07","Prince Edward Island","2016A000211","Women","Satisfaction with local environment rating of 8, 9 or 10","Number of persons","Number","223","thousands","3","v1427778957","4.3.3.4","55","","","","0"
"2022-10","Prince Edward Island","2016A000211","Women","Satisfaction with local environment rating of 8, 9 or 10","Number of persons","Number","223","thousands","3","v1427778957","4.3.3.4","51","","","","0"
"2021-07","Nova Scotia","2016A000212","Men","Satisfaction with local environment rating between 0 and 5","Percentage of persons","Percent","239","units","0","v1427779008","5.2.1.1","7.6","","","","1"
"2022-07","Nova Scotia","2016A000212","Men","Satisfaction with local environment rating between 0 and 5","Percentage of persons","Percent","239","units","0","v1427779008","5.2.1.1","12.0","","","","1"
"2022-10","Nova Scotia","2016A000212","Men","Satisfaction with local environment rating between 0 and 5","Percentage of persons","Percent","239","units","0","v1427779008","5.2.1.1","12.5","","","","1"
"2021-07","Nova Scotia","2016A000212","Men","Satisfaction with local environment rating between 0 and 5","Number of persons","Number","223","thousands","3","v1427779011","5.2.1.4","","F","","","0"
"2022-07","Nova Scotia","2016A000212","Men","Satisfaction with local environment rating between 0 and 5","Number of persons","Number","223","thousands","3","v1427779011","5.2.1.4","","F","","","0"
"2022-10","Nova Scotia","2016A000212","Men","Satisfaction with local environment rating between 0 and 5","Number of persons","Number","223","thousands","3","v1427779011","5.2.1.4","","F","","","0"
"2021-07","Nova Scotia","2016A000212","Men","Satisfaction with local environment rating of 6 or 7","Percentage of persons","Percent","239","units","0","v1427779017","5.2.2.1","18.4","","","","1"
"2022-07","Nova Scotia","2016A000212","Men","Satisfaction with local environment rating of 6 or 7","Percentage of persons","Percent","239","units","0","v1427779017","5.2.2.1","16.3","","","","1"
"2022-10","Nova Scotia","2016A000212","Men","Satisfaction with local environment rating of 6 or 7","Percentage of persons","Percent","239","units","0","v1427779017","5.2.2.1","19.2","","","","1"
"2021-07","Nova Scotia","2016A000212","Men","Satisfaction with local environment rating of 6 or 7","Number of persons","Number","223","thousands","3","v1427779020","5.2.2.4","","F","","","0"
"2022-07","Nova Scotia","2016A000212","Men","Satisfaction with local environment rating of 6 or 7","Number of persons","Number","223","thousands","3","v1427779020","5.2.2.4","","F","","","0"
"2022-10","Nova Scotia","2016A000212","Men","Satisfaction with local environment rating of 6 or 7","Number of persons","Number","223","thousands","3","v1427779020","5.2.2.4","","F","","","0"
"2021-07","Nova Scotia","2016A000212","Men","Satisfaction with local environment rating of 8, 9 or 10","Percentage of persons","Percent","239","units","0","v1427779026","5.2.3.1","74.1","","","","1"
"2022-07","Nova Scotia","2016A000212","Men","Satisfaction with local environment rating of 8, 9 or 10","Percentage of persons","Percent","239","units","0","v1427779026","5.2.3.1","71.6","","","","1"
"2022-10","Nova Scotia","2016A000212","Men","Satisfaction with local environment rating of 8, 9 or 10","Percentage of persons","Percent","239","units","0","v1427779026","5.2.3.1","68.3","","","","1"
"2021-07","Nova Scotia","2016A000212","Men","Satisfaction with local environment rating of 8, 9 or 10","Number of persons","Number","223","thousands","3","v1427779029","5.2.3.4","295","","","","0"
"2022-07","Nova Scotia","2016A000212","Men","Satisfaction with local environment rating of 8, 9 or 10","Number of persons","Number","223","thousands","3","v1427779029","5.2.3.4","297","","","","0"
"2022-10","Nova Scotia","2016A000212","Men","Satisfaction with local environment rating of 8, 9 or 10","Number of persons","Number","223","thousands","3","v1427779029","5.2.3.4","287","","","","0"
"2021-07","Nova Scotia","2016A000212","Women","Satisfaction with local environment rating between 0 and 5","Percentage of persons","Percent","239","units","0","v1427779044","5.3.1.1","13.0","","","","1"
"2022-07","Nova Scotia","2016A000212","Women","Satisfaction with local environment rating between 0 and 5","Percentage of persons","Percent","239","units","0","v1427779044","5.3.1.1","9.1","","","","1"
"2022-10","Nova Scotia","2016A000212","Women","Satisfaction with local environment rating between 0 and 5","Percentage of persons","Percent","239","units","0","v1427779044","5.3.1.1","13.6","","","","1"
"2021-07","Nova Scotia","2016A000212","Women","Satisfaction with local environment rating between 0 and 5","Number of persons","Number","223","thousands","3","v1427779047","5.3.1.4","","F","","","0"
"2022-07","Nova Scotia","2016A000212","Women","Satisfaction with local environment rating between 0 and 5","Number of persons","Number","223","thousands","3","v1427779047","5.3.1.4","","F","","","0"
"2022-10","Nova Scotia","2016A000212","Women","Satisfaction with local environment rating between 0 and 5","Number of persons","Number","223","thousands","3","v1427779047","5.3.1.4","","F","","","0"
"2021-07","Nova Scotia","2016A000212","Women","Satisfaction with local environment rating of 6 or 7","Percentage of persons","Percent","239","units","0","v1427779053","5.3.2.1","16.6","","","","1"
"2022-07","Nova Scotia","2016A000212","Women","Satisfaction with local environment rating of 6 or 7","Percentage of persons","Percent","239","units","0","v1427779053","5.3.2.1","21.6","","","","1"
"2022-10","Nova Scotia","2016A000212","Women","Satisfaction with local environment rating of 6 or 7","Percentage of persons","Percent","239","units","0","v1427779053","5.3.2.1","23.0","","","","1"
"2021-07","Nova Scotia","2016A000212","Women","Satisfaction with local environment rating of 6 or 7","Number of persons","Number","223","thousands","3","v1427779056","5.3.2.4","","F","","","0"
"2022-07","Nova Scotia","2016A000212","Women","Satisfaction with local environment rating of 6 or 7","Number of persons","Number","223","thousands","3","v1427779056","5.3.2.4","94","E","","","0"
"2022-10","Nova Scotia","2016A000212","Women","Satisfaction with local environment rating of 6 or 7","Number of persons","Number","223","thousands","3","v1427779056","5.3.2.4","100","E","","","0"
"2021-07","Nova Scotia","2016A000212","Women","Satisfaction with local environment rating of 8, 9 or 10","Percentage of persons","Percent","239","units","0","v1427779062","5.3.3.1","70.4","","","","1"
"2022-07","Nova Scotia","2016A000212","Women","Satisfaction with local environment rating of 8, 9 or 10","Percentage of persons","Percent","239","units","0","v1427779062","5.3.3.1","69.3","","","","1"
"2022-10","Nova Scotia","2016A000212","Women","Satisfaction with local environment rating of 8, 9 or 10","Percentage of persons","Percent","239","units","0","v1427779062","5.3.3.1","63.4","","","","1"
"2021-07","Nova Scotia","2016A000212","Women","Satisfaction with local environment rating of 8, 9 or 10","Number of persons","Number","223","thousands","3","v1427779065","5.3.3.4","299","","","","0"
"2022-07","Nova Scotia","2016A000212","Women","Satisfaction with local environment rating of 8, 9 or 10","Number of persons","Number","223","thousands","3","v1427779065","5.3.3.4","302","","","","0"
"2022-10","Nova Scotia","2016A000212","Women","Satisfaction with local environment rating of 8, 9 or 10","Number of persons","Number","223","thousands","3","v1427779065","5.3.3.4","276","","","","0"
"2021-07","New Brunswick","2016A000213","Men","Satisfaction with local environment rating between 0 and 5","Percentage of persons","Percent","239","units","0","v1427779116","6.2.1.1","11.6","","","","1"
"2022-07","New Brunswick","2016A000213","Men","Satisfaction with local environment rating between 0 and 5","Percentage of persons","Percent","239","units","0","v1427779116","6.2.1.1","9.3","","","","1"
"2022-10","New Brunswick","2016A000213","Men","Satisfaction with local environment rating between 0 and 5","Percentage of persons","Percent","239","units","0","v1427779116","6.2.1.1","19.3","","","","1"
"2021-07","New Brunswick","2016A000213","Men","Satisfaction with local environment rating between 0 and 5","Number of persons","Number","223","thousands","3","v1427779119","6.2.1.4","","F","","","0"
"2022-07","New Brunswick","2016A000213","Men","Satisfaction with local environment rating between 0 and 5","Number of persons","Number","223","thousands","3","v1427779119","6.2.1.4","","F","","","0"
"2022-10","New Brunswick","2016A000213","Men","Satisfaction with local environment rating between 0 and 5","Number of persons","Number","223","thousands","3","v1427779119","6.2.1.4","","F","","","0"
"2021-07","New Brunswick","2016A000213","Men","Satisfaction with local environment rating of 6 or 7","Percentage of persons","Percent","239","units","0","v1427779125","6.2.2.1","20.0","","","","1"
"2022-07","New Brunswick","2016A000213","Men","Satisfaction with local environment rating of 6 or 7","Percentage of persons","Percent","239","units","0","v1427779125","6.2.2.1","20.2","","","","1"
"2022-10","New Brunswick","2016A000213","Men","Satisfaction with local environment rating of 6 or 7","Percentage of persons","Percent","239","units","0","v1427779125","6.2.2.1","22.3","","","","1"
"2021-07","New Brunswick","2016A000213","Men","Satisfaction with local environment rating of 6 or 7","Number of persons","Number","223","thousands","3","v1427779128","6.2.2.4","","F","","","0"
"2022-07","New Brunswick","2016A000213","Men","Satisfaction with local environment rating of 6 or 7","Number of persons","Number","223","thousands","3","v1427779128","6.2.2.4","","F","","","0"
"2022-10","New Brunswick","2016A000213","Men","Satisfaction with local environment rating of 6 or 7","Number of persons","Number","223","thousands","3","v1427779128","6.2.2.4","","F","","","0"
"2021-07","New Brunswick","2016A000213","Men","Satisfaction with local environment rating of 8, 9 or 10","Percentage of persons","Percent","239","units","0","v1427779134","6.2.3.1","68.3","","","","1"
"2022-07","New Brunswick","2016A000213","Men","Satisfaction with local environment rating of 8, 9 or 10","Percentage of persons","Percent","239","units","0","v1427779134","6.2.3.1","70.5","","","","1"
"2022-10","New Brunswick","2016A000213","Men","Satisfaction with local environment rating of 8, 9 or 10","Percentage of persons","Percent","239","units","0","v1427779134","6.2.3.1","58.4","","","","1"
"2021-07","New Brunswick","2016A000213","Men","Satisfaction with local environment rating of 8, 9 or 10","Number of persons","Number","223","thousands","3","v1427779137","6.2.3.4","220","","","","0"
"2022-07","New Brunswick","2016A000213","Men","Satisfaction with local environment rating of 8, 9 or 10","Number of persons","Number","223","thousands","3","v1427779137","6.2.3.4","234","","","","0"
"2022-10","New Brunswick","2016A000213","Men","Satisfaction with local environment rating of 8, 9 or 10","Number of persons","Number","223","thousands","3","v1427779137","6.2.3.4","195","","","","0"
"2021-07","New Brunswick","2016A000213","Women","Satisfaction with local environment rating between 0 and 5","Percentage of persons","Percent","239","units","0","v1427779152","6.3.1.1","15.9","","","","1"
"2022-07","New Brunswick","2016A000213","Women","Satisfaction with local environment rating between 0 and 5","Percentage of persons","Percent","239","units","0","v1427779152","6.3.1.1","14.1","","","","1"
"2022-10","New Brunswick","2016A000213","Women","Satisfaction with local environment rating between 0 and 5","Percentage of persons","Percent","239","units","0","v1427779152","6.3.1.1","20.4","","","","1"
"2021-07","New Brunswick","2016A000213","Women","Satisfaction with local environment rating between 0 and 5","Number of persons","Number","223","thousands","3","v1427779155","6.3.1.4","","F","","","0"
"2022-07","New Brunswick","2016A000213","Women","Satisfaction with local environment rating between 0 and 5","Number of persons","Number","223","thousands","3","v1427779155","6.3.1.4","","F","","","0"
"2022-10","New Brunswick","2016A000213","Women","Satisfaction with local environment rating between 0 and 5","Number of persons","Number","223","thousands","3","v1427779155","6.3.1.4","","F","","","0"
"2021-07","New Brunswick","2016A000213","Women","Satisfaction with local environment rating of 6 or 7","Percentage of persons","Percent","239","units","0","v1427779161","6.3.2.1","24.3","","","","1"
"2022-07","New Brunswick","2016A000213","Women","Satisfaction with local environment rating of 6 or 7","Percentage of persons","Percent","239","units","0","v1427779161","6.3.2.1","17.5","","","","1"
"2022-10","New Brunswick","2016A000213","Women","Satisfaction with local environment rating of 6 or 7","Percentage of persons","Percent","239","units","0","v1427779161","6.3.2.1","17.8","","","","1"
"2021-07","New Brunswick","2016A000213","Women","Satisfaction with local environment rating of 6 or 7","Number of persons","Number","223","thousands","3","v1427779164","6.3.2.4","80","E","","","0"
"2022-07","New Brunswick","2016A000213","Women","Satisfaction with local environment rating of 6 or 7","Number of persons","Number","223","thousands","3","v1427779164","6.3.2.4","59","E","","","0"
"2022-10","New Brunswick","2016A000213","Women","Satisfaction with local environment rating of 6 or 7","Number of persons","Number","223","thousands","3","v1427779164","6.3.2.4","","F","","","0"
"2021-07","New Brunswick","2016A000213","Women","Satisfaction with local environment rating of 8, 9 or 10","Percentage of persons","Percent","239","units","0","v1427779170","6.3.3.1","59.8","","","","1"
"2022-07","New Brunswick","2016A000213","Women","Satisfaction with local environment rating of 8, 9 or 10","Percentage of persons","Percent","239","units","0","v1427779170","6.3.3.1","68.4","","","","1"
"2022-10","New Brunswick","2016A000213","Women","Satisfaction with local environment rating of 8, 9 or 10","Percentage of persons","Percent","239","units","0","v1427779170","6.3.3.1","61.8","","","","1"
"2021-07","New Brunswick","2016A000213","Women","Satisfaction with local environment rating of 8, 9 or 10","Number of persons","Number","223","thousands","3","v1427779173","6.3.3.4","196","","","","0"
"2022-07","New Brunswick","2016A000213","Women","Satisfaction with local environment rating of 8, 9 or 10","Number of persons","Number","223","thousands","3","v1427779173","6.3.3.4","231","","","","0"
"2022-10","New Brunswick","2016A000213","Women","Satisfaction with local environment rating of 8, 9 or 10","Number of persons","Number","223","thousands","3","v1427779173","6.3.3.4","211","","","","0"
"2021-07","Quebec","2016A000224","Men","Satisfaction with local environment rating between 0 and 5","Percentage of persons","Percent","239","units","0","v1427779224","7.2.1.1","9.1","","","","1"
"2022-07","Quebec","2016A000224","Men","Satisfaction with local environment rating between 0 and 5","Percentage of persons","Percent","239","units","0","v1427779224","7.2.1.1","10.7","","","","1"
"2022-10","Quebec","2016A000224","Men","Satisfaction with local environment rating between 0 and 5","Percentage of persons","Percent","239","units","0","v1427779224","7.2.1.1","11.7","","","","1"
"2021-07","Quebec","2016A000224","Men","Satisfaction with local environment rating between 0 and 5","Number of persons","Number","223","thousands","3","v1427779227","7.2.1.4","320","E","","","0"
"2022-07","Quebec","2016A000224","Men","Satisfaction with local environment rating between 0 and 5","Number of persons","Number","223","thousands","3","v1427779227","7.2.1.4","382","E","","","0"
"2022-10","Quebec","2016A000224","Men","Satisfaction with local environment rating between 0 and 5","Number of persons","Number","223","thousands","3","v1427779227","7.2.1.4","417","E","","","0"
"2021-07","Quebec","2016A000224","Men","Satisfaction with local environment rating of 6 or 7","Percentage of persons","Percent","239","units","0","v1427779233","7.2.2.1","19.4","","","","1"
"2022-07","Quebec","2016A000224","Men","Satisfaction with local environment rating of 6 or 7","Percentage of persons","Percent","239","units","0","v1427779233","7.2.2.1","19.1","","","","1"
"2022-10","Quebec","2016A000224","Men","Satisfaction with local environment rating of 6 or 7","Percentage of persons","Percent","239","units","0","v1427779233","7.2.2.1","21.2","","","","1"
"2021-07","Quebec","2016A000224","Men","Satisfaction with local environment rating of 6 or 7","Number of persons","Number","223","thousands","3","v1427779236","7.2.2.4","678","","","","0"
"2022-07","Quebec","2016A000224","Men","Satisfaction with local environment rating of 6 or 7","Number of persons","Number","223","thousands","3","v1427779236","7.2.2.4","683","","","","0"
"2022-10","Quebec","2016A000224","Men","Satisfaction with local environment rating of 6 or 7","Number of persons","Number","223","thousands","3","v1427779236","7.2.2.4","755","","","","0"
"2021-07","Quebec","2016A000224","Men","Satisfaction with local environment rating of 8, 9 or 10","Percentage of persons","Percent","239","units","0","v1427779242","7.2.3.1","71.5","","","","1"
"2022-07","Quebec","2016A000224","Men","Satisfaction with local environment rating of 8, 9 or 10","Percentage of persons","Percent","239","units","0","v1427779242","7.2.3.1","70.2","","","","1"
"2022-10","Quebec","2016A000224","Men","Satisfaction with local environment rating of 8, 9 or 10","Percentage of persons","Percent","239","units","0","v1427779242","7.2.3.1","67.1","","","","1"
"2021-07","Quebec","2016A000224","Men","Satisfaction with local environment rating of 8, 9 or 10","Number of persons","Number","223","thousands","3","v1427779245","7.2.3.4","2500","","","","0"
"2022-07","Quebec","2016A000224","Men","Satisfaction with local environment rating of 8, 9 or 10","Number of persons","Number","223","thousands","3","v1427779245","7.2.3.4","2511","","","","0"
"2022-10","Quebec","2016A000224","Men","Satisfaction with local environment rating of 8, 9 or 10","Number of persons","Number","223","thousands","3","v1427779245","7.2.3.4","2389","","","","0"
"2021-07","Quebec","2016A000224","Women","Satisfaction with local environment rating between 0 and 5","Percentage of persons","Percent","239","units","0","v1427779260","7.3.1.1","7.2","","","","1"
"2022-07","Quebec","2016A000224","Women","Satisfaction with local environment rating between 0 and 5","Percentage of persons","Percent","239","units","0","v1427779260","7.3.1.1","10.5","","","","1"
"2022-10","Quebec","2016A000224","Women","Satisfaction with local environment rating between 0 and 5","Percentage of persons","Percent","239","units","0","v1427779260","7.3.1.1","11.6","","","","1"
"2021-07","Quebec","2016A000224","Women","Satisfaction with local environment rating between 0 and 5","Number of persons","Number","223","thousands","3","v1427779263","7.3.1.4","252","E","","","0"
"2022-07","Quebec","2016A000224","Women","Satisfaction with local environment rating between 0 and 5","Number of persons","Number","223","thousands","3","v1427779263","7.3.1.4","372","E","","","0"
"2022-10","Quebec","2016A000224","Women","Satisfaction with local environment rating between 0 and 5","Number of persons","Number","223","thousands","3","v1427779263","7.3.1.4","421","E","","","0"
"2021-07","Quebec","2016A000224","Women","Satisfaction with local environment rating of 6 or 7","Percentage of persons","Percent","239","units","0","v1427779269","7.3.2.1","21.8","","","","1"
"2022-07","Quebec","2016A000224","Women","Satisfaction with local environment rating of 6 or 7","Percentage of persons","Percent","239","units","0","v1427779269","7.3.2.1","22.1","","","","1"
"2022-10","Quebec","2016A000224","Women","Satisfaction with local environment rating of 6 or 7","Percentage of persons","Percent","239","units","0","v1427779269","7.3.2.1","22.1","","","","1"
"2021-07","Quebec","2016A000224","Women","Satisfaction with local environment rating of 6 or 7","Number of persons","Number","223","thousands","3","v1427779272","7.3.2.4","762","","","","0"
"2022-07","Quebec","2016A000224","Women","Satisfaction with local environment rating of 6 or 7","Number of persons","Number","223","thousands","3","v1427779272","7.3.2.4","785","","","","0"
"2022-10","Quebec","2016A000224","Women","Satisfaction with local environment rating of 6 or 7","Number of persons","Number","223","thousands","3","v1427779272","7.3.2.4","801","","","","0"
"2021-07","Quebec","2016A000224","Women","Satisfaction with local environment rating of 8, 9 or 10","Percentage of persons","Percent","239","units","0","v1427779278","7.3.3.1","71.0","","","","1"
"2022-07","Quebec","2016A000224","Women","Satisfaction with local environment rating of 8, 9 or 10","Percentage of persons","Percent","239","units","0","v1427779278","7.3.3.1","67.4","","","","1"
"2022-10","Quebec","2016A000224","Women","Satisfaction with local environment rating of 8, 9 or 10","Percentage of persons","Percent","239","units","0","v1427779278","7.3.3.1","66.2","","","","1"
"2021-07","Quebec","2016A000224","Women","Satisfaction with local environment rating of 8, 9 or 10","Number of persons","Number","223","thousands","3","v1427779281","7.3.3.4","2487","","","","0"
"2022-07","Quebec","2016A000224","Women","Satisfaction with local environment rating of 8, 9 or 10","Number of persons","Number","223","thousands","3","v1427779281","7.3.3.4","2390","","","","0"
"2022-10","Quebec","2016A000224","Women","Satisfaction with local environment rating of 8, 9 or 10","Number of persons","Number","223","thousands","3","v1427779281","7.3.3.4","2397","","","","0"
"2021-07","Ontario","2016A000235","Men","Satisfaction with local environment rating between 0 and 5","Percentage of persons","Percent","239","units","0","v1427779332","8.2.1.1","14.0","","","","1"
"2022-07","Ontario","2016A000235","Men","Satisfaction with local environment rating between 0 and 5","Percentage of persons","Percent","239","units","0","v1427779332","8.2.1.1","17.2","","","","1"
"2022-10","Ontario","2016A000235","Men","Satisfaction with local environment rating between 0 and 5","Percentage of persons","Percent","239","units","0","v1427779332","8.2.1.1","17.4","","","","1"
"2021-07","Ontario","2016A000235","Men","Satisfaction with local environment rating between 0 and 5","Number of persons","Number","223","thousands","3","v1427779335","8.2.1.4","837","","","","0"
"2022-07","Ontario","2016A000235","Men","Satisfaction with local environment rating between 0 and 5","Number of persons","Number","223","thousands","3","v1427779335","8.2.1.4","1062","","","","0"
"2022-10","Ontario","2016A000235","Men","Satisfaction with local environment rating between 0 and 5","Number of persons","Number","223","thousands","3","v1427779335","8.2.1.4","1083","","","","0"
"2021-07","Ontario","2016A000235","Men","Satisfaction with local environment rating of 6 or 7","Percentage of persons","Percent","239","units","0","v1427779341","8.2.2.1","23.6","","","","1"
"2022-07","Ontario","2016A000235","Men","Satisfaction with local environment rating of 6 or 7","Percentage of persons","Percent","239","units","0","v1427779341","8.2.2.1","23.2","","","","1"
"2022-10","Ontario","2016A000235","Men","Satisfaction with local environment rating of 6 or 7","Percentage of persons","Percent","239","units","0","v1427779341","8.2.2.1","24.5","","","","1"
"2021-07","Ontario","2016A000235","Men","Satisfaction with local environment rating of 6 or 7","Number of persons","Number","223","thousands","3","v1427779344","8.2.2.4","1411","","","","0"
"2022-07","Ontario","2016A000235","Men","Satisfaction with local environment rating of 6 or 7","Number of persons","Number","223","thousands","3","v1427779344","8.2.2.4","1435","","","","0"
"2022-10","Ontario","2016A000235","Men","Satisfaction with local environment rating of 6 or 7","Number of persons","Number","223","thousands","3","v1427779344","8.2.2.4","1530","","","","0"
"2021-07","Ontario","2016A000235","Men","Satisfaction with local environment rating of 8, 9 or 10","Percentage of persons","Percent","239","units","0","v1427779350","8.2.3.1","62.4","","","","1"
"2022-07","Ontario","2016A000235","Men","Satisfaction with local environment rating of 8, 9 or 10","Percentage of persons","Percent","239","units","0","v1427779350","8.2.3.1","59.6","","","","1"
"2022-10","Ontario","2016A000235","Men","Satisfaction with local environment rating of 8, 9 or 10","Percentage of persons","Percent","239","units","0","v1427779350","8.2.3.1","58.1","","","","1"
"2021-07","Ontario","2016A000235","Men","Satisfaction with local environment rating of 8, 9 or 10","Number of persons","Number","223","thousands","3","v1427779353","8.2.3.4","3724","","","","0"
"2022-07","Ontario","2016A000235","Men","Satisfaction with local environment rating of 8, 9 or 10","Number of persons","Number","223","thousands","3","v1427779353","8.2.3.4","3682","","","","0"
"2022-10","Ontario","2016A000235","Men","Satisfaction with local environment rating of 8, 9 or 10","Number of persons","Number","223","thousands","3","v1427779353","8.2.3.4","3624","","","","0"
"2021-07","Ontario","2016A000235","Women","Satisfaction with local environment rating between 0 and 5","Percentage of persons","Percent","239","units","0","v1427779368","8.3.1.1","14.8","","","","1"
"2022-07","Ontario","2016A000235","Women","Satisfaction with local environment rating between 0 and 5","Percentage of persons","Percent","239","units","0","v1427779368","8.3.1.1","20.0","","","","1"
"2022-10","Ontario","2016A000235","Women","Satisfaction with local environment rating between 0 and 5","Percentage of persons","Percent","239","units","0","v1427779368","8.3.1.1","21.6","","","","1"
"2021-07","Ontario","2016A000235","Women","Satisfaction with local environment rating between 0 and 5","Number of persons","Number","223","thousands","3","v1427779371","8.3.1.4","918","","","","0"
"2022-07","Ontario","2016A000235","Women","Satisfaction with local environment rating between 0 and 5","Number of persons","Number","223","thousands","3","v1427779371","8.3.1.4","1268","","","","0"
"2022-10","Ontario","2016A000235","Women","Satisfaction with local environment rating between 0 and 5","Number of persons","Number","223","thousands","3","v1427779371","8.3.1.4","1375","","","","0"
"2021-07","Ontario","2016A000235","Women","Satisfaction with local environment rating of 6 or 7","Percentage of persons","Percent","239","units","0","v1427779377","8.3.2.1","23.9","","","","1"
"2022-07","Ontario","2016A000235","Women","Satisfaction with local environment rating of 6 or 7","Percentage of persons","Percent","239","units","0","v1427779377","8.3.2.1","21.0","","","","1"
"2022-10","Ontario","2016A000235","Women","Satisfaction with local environment rating of 6 or 7","Percentage of persons","Percent","239","units","0","v1427779377","8.3.2.1","26.7","","","","1"
"2021-07","Ontario","2016A000235","Women","Satisfaction with local environment rating of 6 or 7","Number of persons","Number","223","thousands","3","v1427779380","8.3.2.4","1484","","","","0"
"2022-07","Ontario","2016A000235","Women","Satisfaction with local environment rating of 6 or 7","Number of persons","Number","223","thousands","3","v1427779380","8.3.2.4","1337","","","","0"
"2022-10","Ontario","2016A000235","Women","Satisfaction with local environment rating of 6 or 7","Number of persons","Number","223","thousands","3","v1427779380","8.3.2.4","1700","","","","0"
"2021-07","Ontario","2016A000235","Women","Satisfaction with local environment rating of 8, 9 or 10","Percentage of persons","Percent","239","units","0","v1427779386","8.3.3.1","61.3","","","","1"
"2022-07","Ontario","2016A000235","Women","Satisfaction with local environment rating of 8, 9 or 10","Percentage of persons","Percent","239","units","0","v1427779386","8.3.3.1","59.0","","","","1"
"2022-10","Ontario","2016A000235","Women","Satisfaction with local environment rating of 8, 9 or 10","Percentage of persons","Percent","239","units","0","v1427779386","8.3.3.1","51.6","","","","1"
"2021-07","Ontario","2016A000235","Women","Satisfaction with local environment rating of 8, 9 or 10","Number of persons","Number","223","thousands","3","v1427779389","8.3.3.4","3801","","","","0"
"2022-07","Ontario","2016A000235","Women","Satisfaction with local environment rating of 8, 9 or 10","Number of persons","Number","223","thousands","3","v1427779389","8.3.3.4","3746","","","","0"
"2022-10","Ontario","2016A000235","Women","Satisfaction with local environment rating of 8, 9 or 10","Number of persons","Number","223","thousands","3","v1427779389","8.3.3.4","3282","","","","0"
"2021-07","Prairies Region","2016A00014","Men","Satisfaction with local environment rating between 0 and 5","Percentage of persons","Percent","239","units","0","v1427779440","9.2.1.1","11.8","","","","1"
"2022-07","Prairies Region","2016A00014","Men","Satisfaction with local environment rating between 0 and 5","Percentage of persons","Percent","239","units","0","v1427779440","9.2.1.1","11.8","","","","1"
"2022-10","Prairies Region","2016A00014","Men","Satisfaction with local environment rating between 0 and 5","Percentage of persons","Percent","239","units","0","v1427779440","9.2.1.1","13.9","","","","1"
"2021-07","Prairies Region","2016A00014","Men","Satisfaction with local environment rating between 0 and 5","Number of persons","Number","223","thousands","3","v1427779443","9.2.1.4","321","E","","","0"
"2022-07","Prairies Region","2016A00014","Men","Satisfaction with local environment rating between 0 and 5","Number of persons","Number","223","thousands","3","v1427779443","9.2.1.4","327","E","","","0"
"2022-10","Prairies Region","2016A00014","Men","Satisfaction with local environment rating between 0 and 5","Number of persons","Number","223","thousands","3","v1427779443","9.2.1.4","391","E","","","0"
"2021-07","Prairies Region","2016A00014","Men","Satisfaction with local environment rating of 6 or 7","Percentage of persons","Percent","239","units","0","v1427779449","9.2.2.1","19.7","","","","1"
"2022-07","Prairies Region","2016A00014","Men","Satisfaction with local environment rating of 6 or 7","Percentage of persons","Percent","239","units","0","v1427779449","9.2.2.1","22.1","","","","1"
"2022-10","Prairies Region","2016A00014","Men","Satisfaction with local environment rating of 6 or 7","Percentage of persons","Percent","239","units","0","v1427779449","9.2.2.1","22.2","","","","1"
"2021-07","Prairies Region","2016A00014","Men","Satisfaction with local environment rating of 6 or 7","Number of persons","Number","223","thousands","3","v1427779452","9.2.2.4","535","","","","0"
"2022-07","Prairies Region","2016A00014","Men","Satisfaction with local environment rating of 6 or 7","Number of persons","Number","223","thousands","3","v1427779452","9.2.2.4","613","","","","0"
"2022-10","Prairies Region","2016A00014","Men","Satisfaction with local environment rating of 6 or 7","Number of persons","Number","223","thousands","3","v1427779452","9.2.2.4","624","","","","0"
"2021-07","Prairies Region","2016A00014","Men","Satisfaction with local environment rating of 8, 9 or 10","Percentage of persons","Percent","239","units","0","v1427779458","9.2.3.1","68.6","","","","1"
"2022-07","Prairies Region","2016A00014","Men","Satisfaction with local environment rating of 8, 9 or 10","Percentage of persons","Percent","239","units","0","v1427779458","9.2.3.1","66.2","","","","1"
"2022-10","Prairies Region","2016A00014","Men","Satisfaction with local environment rating of 8, 9 or 10","Percentage of persons","Percent","239","units","0","v1427779458","9.2.3.1","63.8","","","","1"
"2021-07","Prairies Region","2016A00014","Men","Satisfaction with local environment rating of 8, 9 or 10","Number of persons","Number","223","thousands","3","v1427779461","9.2.3.4","1868","","","","0"
"2022-07","Prairies Region","2016A00014","Men","Satisfaction with local environment rating of 8, 9 or 10","Number of persons","Number","223","thousands","3","v1427779461","9.2.3.4","1839","","","","0"
"2022-10","Prairies Region","2016A00014","Men","Satisfaction with local environment rating of 8, 9 or 10","Number of persons","Number","223","thousands","3","v1427779461","9.2.3.4","1790","","","","0"
"2021-07","Prairies Region","2016A00014","Women","Satisfaction with local environment rating between 0 and 5","Percentage of persons","Percent","239","units","0","v1427779476","9.3.1.1","9.8","","","","1"
"2022-07","Prairies Region","2016A00014","Women","Satisfaction with local environment rating between 0 and 5","Percentage of persons","Percent","239","units","0","v1427779476","9.3.1.1","14.7","","","","1"
"2022-10","Prairies Region","2016A00014","Women","Satisfaction with local environment rating between 0 and 5","Percentage of persons","Percent","239","units","0","v1427779476","9.3.1.1","18.3","","","","1"
"2021-07","Prairies Region","2016A00014","Women","Satisfaction with local environment rating between 0 and 5","Number of persons","Number","223","thousands","3","v1427779479","9.3.1.4","266","E","","","0"
"2022-07","Prairies Region","2016A00014","Women","Satisfaction with local environment rating between 0 and 5","Number of persons","Number","223","thousands","3","v1427779479","9.3.1.4","412","","","","0"
"2022-10","Prairies Region","2016A00014","Women","Satisfaction with local environment rating between 0 and 5","Number of persons","Number","223","thousands","3","v1427779479","9.3.1.4","519","","","","0"
"2021-07","Prairies Region","2016A00014","Women","Satisfaction with local environment rating of 6 or 7","Percentage of persons","Percent","239","units","0","v1427779485","9.3.2.1","21.2","","","","1"
"2022-07","Prairies Region","2016A00014","Women","Satisfaction with local environment rating of 6 or 7","Percentage of persons","Percent","239","units","0","v1427779485","9.3.2.1","20.2","","","","1"
"2022-10","Prairies Region","2016A00014","Women","Satisfaction with local environment rating of 6 or 7","Percentage of persons","Percent","239","units","0","v1427779485","9.3.2.1","23.5","","","","1"
"2021-07","Prairies Region","2016A00014","Women","Satisfaction with local environment rating of 6 or 7","Number of persons","Number","223","thousands","3","v1427779488","9.3.2.4","578","","","","0"
"2022-07","Prairies Region","2016A00014","Women","Satisfaction with local environment rating of 6 or 7","Number of persons","Number","223","thousands","3","v1427779488","9.3.2.4","567","","","","0"
"2022-10","Prairies Region","2016A00014","Women","Satisfaction with local environment rating of 6 or 7","Number of persons","Number","223","thousands","3","v1427779488","9.3.2.4","666","","","","0"
"2021-07","Prairies Region","2016A00014","Women","Satisfaction with local environment rating of 8, 9 or 10","Percentage of persons","Percent","239","units","0","v1427779494","9.3.3.1","69.0","","","","1"
"2022-07","Prairies Region","2016A00014","Women","Satisfaction with local environment rating of 8, 9 or 10","Percentage of persons","Percent","239","units","0","v1427779494","9.3.3.1","65.2","","","","1"
"2022-10","Prairies Region","2016A00014","Women","Satisfaction with local environment rating of 8, 9 or 10","Percentage of persons","Percent","239","units","0","v1427779494","9.3.3.1","58.2","","","","1"
"2021-07","Prairies Region","2016A00014","Women","Satisfaction with local environment rating of 8, 9 or 10","Number of persons","Number","223","thousands","3","v1427779497","9.3.3.4","1878","","","","0"
"2022-07","Prairies Region","2016A00014","Women","Satisfaction with local environment rating of 8, 9 or 10","Number of persons","Number","223","thousands","3","v1427779497","9.3.3.4","1833","","","","0"
"2022-10","Prairies Region","2016A00014","Women","Satisfaction with local environment rating of 8, 9 or 10","Number of persons","Number","223","thousands","3","v1427779497","9.3.3.4","1647","","","","0"
"2021-07","Manitoba","2016A000246","Men","Satisfaction with local environment rating between 0 and 5","Percentage of persons","Percent","239","units","0","v1427779548","10.2.1.1","15.0","","","","1"
"2022-07","Manitoba","2016A000246","Men","Satisfaction with local environment rating between 0 and 5","Percentage of persons","Percent","239","units","0","v1427779548","10.2.1.1","15.7","","","","1"
"2022-10","Manitoba","2016A000246","Men","Satisfaction with local environment rating between 0 and 5","Percentage of persons","Percent","239","units","0","v1427779548","10.2.1.1","15.6","","","","1"
"2021-07","Manitoba","2016A000246","Men","Satisfaction with local environment rating between 0 and 5","Number of persons","Number","223","thousands","3","v1427779551","10.2.1.4","","F","","","0"
"2022-07","Manitoba","2016A000246","Men","Satisfaction with local environment rating between 0 and 5","Number of persons","Number","223","thousands","3","v1427779551","10.2.1.4","","F","","","0"
"2022-10","Manitoba","2016A000246","Men","Satisfaction with local environment rating between 0 and 5","Number of persons","Number","223","thousands","3","v1427779551","10.2.1.4","","F","","","0"
"2021-07","Manitoba","2016A000246","Men","Satisfaction with local environment rating of 6 or 7","Percentage of persons","Percent","239","units","0","v1427779557","10.2.2.1","19.9","","","","1"
"2022-07","Manitoba","2016A000246","Men","Satisfaction with local environment rating of 6 or 7","Percentage of persons","Percent","239","units","0","v1427779557","10.2.2.1","18.3","","","","1"
"2022-10","Manitoba","2016A000246","Men","Satisfaction with local environment rating of 6 or 7","Percentage of persons","Percent","239","units","0","v1427779557","10.2.2.1","24.7","","","","1"
"2021-07","Manitoba","2016A000246","Men","Satisfaction with local environment rating of 6 or 7","Number of persons","Number","223","thousands","3","v1427779560","10.2.2.4","","F","","","0"
"2022-07","Manitoba","2016A000246","Men","Satisfaction with local environment rating of 6 or 7","Number of persons","Number","223","thousands","3","v1427779560","10.2.2.4","","F","","","0"
"2022-10","Manitoba","2016A000246","Men","Satisfaction with local environment rating of 6 or 7","Number of persons","Number","223","thousands","3","v1427779560","10.2.2.4","133","E","","","0"
"2021-07","Manitoba","2016A000246","Men","Satisfaction with local environment rating of 8, 9 or 10","Percentage of persons","Percent","239","units","0","v1427779566","10.2.3.1","65.1","","","","1"
"2022-07","Manitoba","2016A000246","Men","Satisfaction with local environment rating of 8, 9 or 10","Percentage of persons","Percent","239","units","0","v1427779566","10.2.3.1","66.0","","","","1"
"2022-10","Manitoba","2016A000246","Men","Satisfaction with local environment rating of 8, 9 or 10","Percentage of persons","Percent","239","units","0","v1427779566","10.2.3.1","59.8","","","","1"
"2021-07","Manitoba","2016A000246","Men","Satisfaction with local environment rating of 8, 9 or 10","Number of persons","Number","223","thousands","3","v1427779569","10.2.3.4","337","","","","0"
"2022-07","Manitoba","2016A000246","Men","Satisfaction with local environment rating of 8, 9 or 10","Number of persons","Number","223","thousands","3","v1427779569","10.2.3.4","348","","","","0"
"2022-10","Manitoba","2016A000246","Men","Satisfaction with local environment rating of 8, 9 or 10","Number of persons","Number","223","thousands","3","v1427779569","10.2.3.4","322","","","","0"
"2021-07","Manitoba","2016A000246","Women","Satisfaction with local environment rating between 0 and 5","Percentage of persons","Percent","239","units","0","v1427779584","10.3.1.1","10.3","","","","1"
"2022-07","Manitoba","2016A000246","Women","Satisfaction with local environment rating between 0 and 5","Percentage of persons","Percent","239","units","0","v1427779584","10.3.1.1","17.5","","","","1"
"2022-10","Manitoba","2016A000246","Women","Satisfaction with local environment rating between 0 and 5","Percentage of persons","Percent","239","units","0","v1427779584","10.3.1.1","19.6","","","","1"
"2021-07","Manitoba","2016A000246","Women","Satisfaction with local environment rating between 0 and 5","Number of persons","Number","223","thousands","3","v1427779587","10.3.1.4","","F","","","0"
"2022-07","Manitoba","2016A000246","Women","Satisfaction with local environment rating between 0 and 5","Number of persons","Number","223","thousands","3","v1427779587","10.3.1.4","","F","","","0"
"2022-10","Manitoba","2016A000246","Women","Satisfaction with local environment rating between 0 and 5","Number of persons","Number","223","thousands","3","v1427779587","10.3.1.4","","F","","","0"
"2021-07","Manitoba","2016A000246","Women","Satisfaction with local environment rating of 6 or 7","Percentage of persons","Percent","239","units","0","v1427779593","10.3.2.1","21.9","","","","1"
"2022-07","Manitoba","2016A000246","Women","Satisfaction with local environment rating of 6 or 7","Percentage of persons","Percent","239","units","0","v1427779593","10.3.2.1","23.9","","","","1"
"2022-10","Manitoba","2016A000246","Women","Satisfaction with local environment rating of 6 or 7","Percentage of persons","Percent","239","units","0","v1427779593","10.3.2.1","27.0","","","","1"
"2021-07","Manitoba","2016A000246","Women","Satisfaction with local environment rating of 6 or 7","Number of persons","Number","223","thousands","3","v1427779596","10.3.2.4","115","E","","","0"
"2022-07","Manitoba","2016A000246","Women","Satisfaction with local environment rating of 6 or 7","Number of persons","Number","223","thousands","3","v1427779596","10.3.2.4","","F","","","0"
"2022-10","Manitoba","2016A000246","Women","Satisfaction with local environment rating of 6 or 7","Number of persons","Number","223","thousands","3","v1427779596","10.3.2.4","144","E","","","0"
"2021-07","Manitoba","2016A000246","Women","Satisfaction with local environment rating of 8, 9 or 10","Percentage of persons","Percent","239","units","0","v1427779602","10.3.3.1","67.9","","","","1"
"2022-07","Manitoba","2016A000246","Women","Satisfaction with local environment rating of 8, 9 or 10","Percentage of persons","Percent","239","units","0","v1427779602","10.3.3.1","58.6","","","","1"
"2022-10","Manitoba","2016A000246","Women","Satisfaction with local environment rating of 8, 9 or 10","Percentage of persons","Percent","239","units","0","v1427779602","10.3.3.1","53.4","","","","1"
"2021-07","Manitoba","2016A000246","Women","Satisfaction with local environment rating of 8, 9 or 10","Number of persons","Number","223","thousands","3","v1427779605","10.3.3.4","359","","","","0"
"2022-07","Manitoba","2016A000246","Women","Satisfaction with local environment rating of 8, 9 or 10","Number of persons","Number","223","thousands","3","v1427779605","10.3.3.4","315","","","","0"
"2022-10","Manitoba","2016A000246","Women","Satisfaction with local environment rating of 8, 9 or 10","Number of persons","Number","223","thousands","3","v1427779605","10.3.3.4","285","","","","0"
"2021-07","Saskatchewan","2016A000247","Men","Satisfaction with local environment rating between 0 and 5","Percentage of persons","Percent","239","units","0","v1427779656","11.2.1.1","7.2","","","","1"
"2022-07","Saskatchewan","2016A000247","Men","Satisfaction with local environment rating between 0 and 5","Percentage of persons","Percent","239","units","0","v1427779656","11.2.1.1","11.4","","","","1"
"2022-10","Saskatchewan","2016A000247","Men","Satisfaction with local environment rating between 0 and 5","Percentage of persons","Percent","239","units","0","v1427779656","11.2.1.1","8.2","","","","1"
"2021-07","Saskatchewan","2016A000247","Men","Satisfaction with local environment rating between 0 and 5","Number of persons","Number","223","thousands","3","v1427779659","11.2.1.4","","F","","","0"
"2022-07","Saskatchewan","2016A000247","Men","Satisfaction with local environment rating between 0 and 5","Number of persons","Number","223","thousands","3","v1427779659","11.2.1.4","","F","","","0"
"2022-10","Saskatchewan","2016A000247","Men","Satisfaction with local environment rating between 0 and 5","Number of persons","Number","223","thousands","3","v1427779659","11.2.1.4","","F","","","0"
"2021-07","Saskatchewan","2016A000247","Men","Satisfaction with local environment rating of 6 or 7","Percentage of persons","Percent","239","units","0","v1427779665","11.2.2.1","16.9","","","","1"
"2022-07","Saskatchewan","2016A000247","Men","Satisfaction with local environment rating of 6 or 7","Percentage of persons","Percent","239","units","0","v1427779665","11.2.2.1","23.9","","","","1"
"2022-10","Saskatchewan","2016A000247","Men","Satisfaction with local environment rating of 6 or 7","Percentage of persons","Percent","239","units","0","v1427779665","11.2.2.1","25.5","","","","1"
"2021-07","Saskatchewan","2016A000247","Men","Satisfaction with local environment rating of 6 or 7","Number of persons","Number","223","thousands","3","v1427779668","11.2.2.4","","F","","","0"
"2022-07","Saskatchewan","2016A000247","Men","Satisfaction with local environment rating of 6 or 7","Number of persons","Number","223","thousands","3","v1427779668","11.2.2.4","","F","","","0"
"2022-10","Saskatchewan","2016A000247","Men","Satisfaction with local environment rating of 6 or 7","Number of persons","Number","223","thousands","3","v1427779668","11.2.2.4","116","E","","","0"
"2021-07","Saskatchewan","2016A000247","Men","Satisfaction with local environment rating of 8, 9 or 10","Percentage of persons","Percent","239","units","0","v1427779674","11.2.3.1","75.9","","","","1"
"2022-07","Saskatchewan","2016A000247","Men","Satisfaction with local environment rating of 8, 9 or 10","Percentage of persons","Percent","239","units","0","v1427779674","11.2.3.1","64.8","","","","1"
"2022-10","Saskatchewan","2016A000247","Men","Satisfaction with local environment rating of 8, 9 or 10","Percentage of persons","Percent","239","units","0","v1427779674","11.2.3.1","66.3","","","","1"
"2021-07","Saskatchewan","2016A000247","Men","Satisfaction with local environment rating of 8, 9 or 10","Number of persons","Number","223","thousands","3","v1427779677","11.2.3.4","335","","","","0"
"2022-07","Saskatchewan","2016A000247","Men","Satisfaction with local environment rating of 8, 9 or 10","Number of persons","Number","223","thousands","3","v1427779677","11.2.3.4","284","","","","0"
"2022-10","Saskatchewan","2016A000247","Men","Satisfaction with local environment rating of 8, 9 or 10","Number of persons","Number","223","thousands","3","v1427779677","11.2.3.4","302","","","","0"
"2021-07","Saskatchewan","2016A000247","Women","Satisfaction with local environment rating between 0 and 5","Percentage of persons","Percent","239","units","0","v1427779692","11.3.1.1","11.2","","","","1"
"2022-07","Saskatchewan","2016A000247","Women","Satisfaction with local environment rating between 0 and 5","Percentage of persons","Percent","239","units","0","v1427779692","11.3.1.1","11.9","","","","1"
"2022-10","Saskatchewan","2016A000247","Women","Satisfaction with local environment rating between 0 and 5","Percentage of persons","Percent","239","units","0","v1427779692","11.3.1.1","18.0","","","","1"
"2021-07","Saskatchewan","2016A000247","Women","Satisfaction with local environment rating between 0 and 5","Number of persons","Number","223","thousands","3","v1427779695","11.3.1.4","","F","","","0"
"2022-07","Saskatchewan","2016A000247","Women","Satisfaction with local environment rating between 0 and 5","Number of persons","Number","223","thousands","3","v1427779695","11.3.1.4","","F","","","0"
"2022-10","Saskatchewan","2016A000247","Women","Satisfaction with local environment rating between 0 and 5","Number of persons","Number","223","thousands","3","v1427779695","11.3.1.4","","F","","","0"
"2021-07","Saskatchewan","2016A000247","Women","Satisfaction with local environment rating of 6 or 7","Percentage of persons","Percent","239","units","0","v1427779701","11.3.2.1","15.2","","","","1"
"2022-07","Saskatchewan","2016A000247","Women","Satisfaction with local environment rating of 6 or 7","Percentage of persons","Percent","239","units","0","v1427779701","11.3.2.1","17.0","","","","1"
"2022-10","Saskatchewan","2016A000247","Women","Satisfaction with local environment rating of 6 or 7","Percentage of persons","Percent","239","units","0","v1427779701","11.3.2.1","26.9","","","","1"
"2021-07","Saskatchewan","2016A000247","Women","Satisfaction with local environment rating of 6 or 7","Number of persons","Number","223","thousands","3","v1427779704","11.3.2.4","","F","","","0"
"2022-07","Saskatchewan","2016A000247","Women","Satisfaction with local environment rating of 6 or 7","Number of persons","Number","223","thousands","3","v1427779704","11.3.2.4","","F","","","0"
"2022-10","Saskatchewan","2016A000247","Women","Satisfaction with local environment rating of 6 or 7","Number of persons","Number","223","thousands","3","v1427779704","11.3.2.4","122","E","","","0"
"2021-07","Saskatchewan","2016A000247","Women","Satisfaction with local environment rating of 8, 9 or 10","Percentage of persons","Percent","239","units","0","v1427779710","11.3.3.1","73.5","","","","1"
"2022-07","Saskatchewan","2016A000247","Women","Satisfaction with local environment rating of 8, 9 or 10","Percentage of persons","Percent","239","units","0","v1427779710","11.3.3.1","71.1","","","","1"
"2022-10","Saskatchewan","2016A000247","Women","Satisfaction with local environment rating of 8, 9 or 10","Percentage of persons","Percent","239","units","0","v1427779710","11.3.3.1","55.2","","","","1"
"2021-07","Saskatchewan","2016A000247","Women","Satisfaction with local environment rating of 8, 9 or 10","Number of persons","Number","223","thousands","3","v1427779713","11.3.3.4","319","","","","0"
"2022-07","Saskatchewan","2016A000247","Women","Satisfaction with local environment rating of 8, 9 or 10","Number of persons","Number","223","thousands","3","v1427779713","11.3.3.4","330","","","","0"
"2022-10","Saskatchewan","2016A000247","Women","Satisfaction with local environment rating of 8, 9 or 10","Number of persons","Number","223","thousands","3","v1427779713","11.3.3.4","250","","","","0"
"2021-07","Alberta","2016A000248","Men","Satisfaction with local environment rating between 0 and 5","Percentage of persons","Percent","239","units","0","v1427779764","12.2.1.1","12.0","","","","1"
"2022-07","Alberta","2016A000248","Men","Satisfaction with local environment rating between 0 and 5","Percentage of persons","Percent","239","units","0","v1427779764","12.2.1.1","10.7","","","","1"
"2022-10","Alberta","2016A000248","Men","Satisfaction with local environment rating between 0 and 5","Percentage of persons","Percent","239","units","0","v1427779764","12.2.1.1","14.9","","","","1"
"2021-07","Alberta","2016A000248","Men","Satisfaction with local environment rating between 0 and 5","Number of persons","Number","223","thousands","3","v1427779767","12.2.1.4","","F","","","0"
"2022-07","Alberta","2016A000248","Men","Satisfaction with local environment rating between 0 and 5","Number of persons","Number","223","thousands","3","v1427779767","12.2.1.4","","F","","","0"
"2022-10","Alberta","2016A000248","Men","Satisfaction with local environment rating between 0 and 5","Number of persons","Number","223","thousands","3","v1427779767","12.2.1.4","","F","","","0"
"2021-07","Alberta","2016A000248","Men","Satisfaction with local environment rating of 6 or 7","Percentage of persons","Percent","239","units","0","v1427779773","12.2.2.1","20.3","","","","1"
"2022-07","Alberta","2016A000248","Men","Satisfaction with local environment rating of 6 or 7","Percentage of persons","Percent","239","units","0","v1427779773","12.2.2.1","22.7","","","","1"
"2022-10","Alberta","2016A000248","Men","Satisfaction with local environment rating of 6 or 7","Percentage of persons","Percent","239","units","0","v1427779773","12.2.2.1","20.7","","","","1"
"2021-07","Alberta","2016A000248","Men","Satisfaction with local environment rating of 6 or 7","Number of persons","Number","223","thousands","3","v1427779776","12.2.2.4","358","E","","","0"
"2022-07","Alberta","2016A000248","Men","Satisfaction with local environment rating of 6 or 7","Number of persons","Number","223","thousands","3","v1427779776","12.2.2.4","412","E","","","0"
"2022-10","Alberta","2016A000248","Men","Satisfaction with local environment rating of 6 or 7","Number of persons","Number","223","thousands","3","v1427779776","12.2.2.4","375","E","","","0"
"2021-07","Alberta","2016A000248","Men","Satisfaction with local environment rating of 8, 9 or 10","Percentage of persons","Percent","239","units","0","v1427779782","12.2.3.1","67.7","","","","1"
"2022-07","Alberta","2016A000248","Men","Satisfaction with local environment rating of 8, 9 or 10","Percentage of persons","Percent","239","units","0","v1427779782","12.2.3.1","66.6","","","","1"
"2022-10","Alberta","2016A000248","Men","Satisfaction with local environment rating of 8, 9 or 10","Percentage of persons","Percent","239","units","0","v1427779782","12.2.3.1","64.4","","","","1"
"2021-07","Alberta","2016A000248","Men","Satisfaction with local environment rating of 8, 9 or 10","Number of persons","Number","223","thousands","3","v1427779785","12.2.3.4","1196","","","","0"
"2022-07","Alberta","2016A000248","Men","Satisfaction with local environment rating of 8, 9 or 10","Number of persons","Number","223","thousands","3","v1427779785","12.2.3.4","1207","","","","0"
"2022-10","Alberta","2016A000248","Men","Satisfaction with local environment rating of 8, 9 or 10","Number of persons","Number","223","thousands","3","v1427779785","12.2.3.4","1165","","","","0"
"2021-07","Alberta","2016A000248","Women","Satisfaction with local environment rating between 0 and 5","Percentage of persons","Percent","239","units","0","v1427779800","12.3.1.1","9.3","","","","1"
"2022-07","Alberta","2016A000248","Women","Satisfaction with local environment rating between 0 and 5","Percentage of persons","Percent","239","units","0","v1427779800","12.3.1.1","14.5","","","","1"
"2022-10","Alberta","2016A000248","Women","Satisfaction with local environment rating between 0 and 5","Percentage of persons","Percent","239","units","0","v1427779800","12.3.1.1","18.0","","","","1"
"2021-07","Alberta","2016A000248","Women","Satisfaction with local environment rating between 0 and 5","Number of persons","Number","223","thousands","3","v1427779803","12.3.1.4","","F","","","0"
"2022-07","Alberta","2016A000248","Women","Satisfaction with local environment rating between 0 and 5","Number of persons","Number","223","thousands","3","v1427779803","12.3.1.4","263","E","","","0"
"2022-10","Alberta","2016A000248","Women","Satisfaction with local environment rating between 0 and 5","Number of persons","Number","223","thousands","3","v1427779803","12.3.1.4","333","E","","","0"
"2021-07","Alberta","2016A000248","Women","Satisfaction with local environment rating of 6 or 7","Percentage of persons","Percent","239","units","0","v1427779809","12.3.2.1","22.5","","","","1"
"2022-07","Alberta","2016A000248","Women","Satisfaction with local environment rating of 6 or 7","Percentage of persons","Percent","239","units","0","v1427779809","12.3.2.1","19.9","","","","1"
"2022-10","Alberta","2016A000248","Women","Satisfaction with local environment rating of 6 or 7","Percentage of persons","Percent","239","units","0","v1427779809","12.3.2.1","21.7","","","","1"
"2021-07","Alberta","2016A000248","Women","Satisfaction with local environment rating of 6 or 7","Number of persons","Number","223","thousands","3","v1427779812","12.3.2.4","396","E","","","0"
"2022-07","Alberta","2016A000248","Women","Satisfaction with local environment rating of 6 or 7","Number of persons","Number","223","thousands","3","v1427779812","12.3.2.4","360","E","","","0"
"2022-10","Alberta","2016A000248","Women","Satisfaction with local environment rating of 6 or 7","Number of persons","Number","223","thousands","3","v1427779812","12.3.2.4","400","E","","","0"
"2021-07","Alberta","2016A000248","Women","Satisfaction with local environment rating of 8, 9 or 10","Percentage of persons","Percent","239","units","0","v1427779818","12.3.3.1","68.2","","","","1"
"2022-07","Alberta","2016A000248","Women","Satisfaction with local environment rating of 8, 9 or 10","Percentage of persons","Percent","239","units","0","v1427779818","12.3.3.1","65.6","","","","1"
"2022-10","Alberta","2016A000248","Women","Satisfaction with local environment rating of 8, 9 or 10","Percentage of persons","Percent","239","units","0","v1427779818","12.3.3.1","60.3","","","","1"
"2021-07","Alberta","2016A000248","Women","Satisfaction with local environment rating of 8, 9 or 10","Number of persons","Number","223","thousands","3","v1427779821","12.3.3.4","1200","","","","0"
"2022-07","Alberta","2016A000248","Women","Satisfaction with local environment rating of 8, 9 or 10","Number of persons","Number","223","thousands","3","v1427779821","12.3.3.4","1188","","","","0"
"2022-10","Alberta","2016A000248","Women","Satisfaction with local environment rating of 8, 9 or 10","Number of persons","Number","223","thousands","3","v1427779821","12.3.3.4","1112","","","","0"
"2021-07","British Columbia","2016A000259","Men","Satisfaction with local environment rating between 0 and 5","Percentage of persons","Percent","239","units","0","v1427779872","13.2.1.1","10.5","","","","1"
"2022-07","British Columbia","2016A000259","Men","Satisfaction with local environment rating between 0 and 5","Percentage of persons","Percent","239","units","0","v1427779872","13.2.1.1","10.3","","","","1"
"2022-10","British Columbia","2016A000259","Men","Satisfaction with local environment rating between 0 and 5","Percentage of persons","Percent","239","units","0","v1427779872","13.2.1.1","17.7","","","","1"
"2021-07","British Columbia","2016A000259","Men","Satisfaction with local environment rating between 0 and 5","Number of persons","Number","223","thousands","3","v1427779875","13.2.1.4","","F","","","0"
"2022-07","British Columbia","2016A000259","Men","Satisfaction with local environment rating between 0 and 5","Number of persons","Number","223","thousands","3","v1427779875","13.2.1.4","","F","","","0"
"2022-10","British Columbia","2016A000259","Men","Satisfaction with local environment rating between 0 and 5","Number of persons","Number","223","thousands","3","v1427779875","13.2.1.4","385","E","","","0"
"2021-07","British Columbia","2016A000259","Men","Satisfaction with local environment rating of 6 or 7","Percentage of persons","Percent","239","units","0","v1427779881","13.2.2.1","21.9","","","","1"
"2022-07","British Columbia","2016A000259","Men","Satisfaction with local environment rating of 6 or 7","Percentage of persons","Percent","239","units","0","v1427779881","13.2.2.1","23.4","","","","1"
"2022-10","British Columbia","2016A000259","Men","Satisfaction with local environment rating of 6 or 7","Percentage of persons","Percent","239","units","0","v1427779881","13.2.2.1","19.7","","","","1"
"2021-07","British Columbia","2016A000259","Men","Satisfaction with local environment rating of 6 or 7","Number of persons","Number","223","thousands","3","v1427779884","13.2.2.4","462","E","","","0"
"2022-07","British Columbia","2016A000259","Men","Satisfaction with local environment rating of 6 or 7","Number of persons","Number","223","thousands","3","v1427779884","13.2.2.4","516","E","","","0"
"2022-10","British Columbia","2016A000259","Men","Satisfaction with local environment rating of 6 or 7","Number of persons","Number","223","thousands","3","v1427779884","13.2.2.4","429","E","","","0"
"2021-07","British Columbia","2016A000259","Men","Satisfaction with local environment rating of 8, 9 or 10","Percentage of persons","Percent","239","units","0","v1427779890","13.2.3.1","67.7","","","","1"
"2022-07","British Columbia","2016A000259","Men","Satisfaction with local environment rating of 8, 9 or 10","Percentage of persons","Percent","239","units","0","v1427779890","13.2.3.1","66.3","","","","1"
"2022-10","British Columbia","2016A000259","Men","Satisfaction with local environment rating of 8, 9 or 10","Percentage of persons","Percent","239","units","0","v1427779890","13.2.3.1","62.6","","","","1"
"2021-07","British Columbia","2016A000259","Men","Satisfaction with local environment rating of 8, 9 or 10","Number of persons","Number","223","thousands","3","v1427779893","13.2.3.4","1429","","","","0"
"2022-07","British Columbia","2016A000259","Men","Satisfaction with local environment rating of 8, 9 or 10","Number of persons","Number","223","thousands","3","v1427779893","13.2.3.4","1465","","","","0"
"2022-10","British Columbia","2016A000259","Men","Satisfaction with local environment rating of 8, 9 or 10","Number of persons","Number","223","thousands","3","v1427779893","13.2.3.4","1360","","","","0"
"2021-07","British Columbia","2016A000259","Women","Satisfaction with local environment rating between 0 and 5","Percentage of persons","Percent","239","units","0","v1427779908","13.3.1.1","12.8","","","","1"
"2022-07","British Columbia","2016A000259","Women","Satisfaction with local environment rating between 0 and 5","Percentage of persons","Percent","239","units","0","v1427779908","13.3.1.1","11.8","","","","1"
"2022-10","British Columbia","2016A000259","Women","Satisfaction with local environment rating between 0 and 5","Percentage of persons","Percent","239","units","0","v1427779908","13.3.1.1","14.9","","","","1"
"2021-07","British Columbia","2016A000259","Women","Satisfaction with local environment rating between 0 and 5","Number of persons","Number","223","thousands","3","v1427779911","13.3.1.4","283","E","","","0"
"2022-07","British Columbia","2016A000259","Women","Satisfaction with local environment rating between 0 and 5","Number of persons","Number","223","thousands","3","v1427779911","13.3.1.4","261","E","","","0"
"2022-10","British Columbia","2016A000259","Women","Satisfaction with local environment rating between 0 and 5","Number of persons","Number","223","thousands","3","v1427779911","13.3.1.4","337","E","","","0"
"2021-07","British Columbia","2016A000259","Women","Satisfaction with local environment rating of 6 or 7","Percentage of persons","Percent","239","units","0","v1427779917","13.3.2.1","19.0","","","","1"
"2022-07","British Columbia","2016A000259","Women","Satisfaction with local environment rating of 6 or 7","Percentage of persons","Percent","239","units","0","v1427779917","13.3.2.1","19.0","","","","1"
"2022-10","British Columbia","2016A000259","Women","Satisfaction with local environment rating of 6 or 7","Percentage of persons","Percent","239","units","0","v1427779917","13.3.2.1","22.1","","","","1"
"2021-07","British Columbia","2016A000259","Women","Satisfaction with local environment rating of 6 or 7","Number of persons","Number","223","thousands","3","v1427779920","13.3.2.4","420","E","","","0"
"2022-07","British Columbia","2016A000259","Women","Satisfaction with local environment rating of 6 or 7","Number of persons","Number","223","thousands","3","v1427779920","13.3.2.4","421","","","","0"
"2022-10","British Columbia","2016A000259","Women","Satisfaction with local environment rating of 6 or 7","Number of persons","Number","223","thousands","3","v1427779920","13.3.2.4","501","E","","","0"
"2021-07","British Columbia","2016A000259","Women","Satisfaction with local environment rating of 8, 9 or 10","Percentage of persons","Percent","239","units","0","v1427779926","13.3.3.1","68.3","","","","1"
"2022-07","British Columbia","2016A000259","Women","Satisfaction with local environment rating of 8, 9 or 10","Percentage of persons","Percent","239","units","0","v1427779926","13.3.3.1","69.2","","","","1"
"2022-10","British Columbia","2016A000259","Women","Satisfaction with local environment rating of 8, 9 or 10","Percentage of persons","Percent","239","units","0","v1427779926","13.3.3.1","62.9","","","","1"
"2021-07","British Columbia","2016A000259","Women","Satisfaction with local environment rating of 8, 9 or 10","Number of persons","Number","223","thousands","3","v1427779929","13.3.3.4","1511","","","","0"
"2022-07","British Columbia","2016A000259","Women","Satisfaction with local environment rating of 8, 9 or 10","Number of persons","Number","223","thousands","3","v1427779929","13.3.3.4","1530","","","","0"
"2022-10","British Columbia","2016A000259","Women","Satisfaction with local environment rating of 8, 9 or 10","Number of persons","Number","223","thousands","3","v1427779929","13.3.3.4","1425","","","","0"


