"REF_DATE","GEO","DGUID","Statistics","UOM","UOM_ID","SCALAR_FACTOR","SCALAR_ID","VECTOR","COORDINATE","VALUE","STATUS","SYMBOL","TERMINATED","DECIMALS"
"2021","Canada","2021A000011124","Crime severity index","Index","160","units","0","v44312461","1.1","74.87","","","","2"
"2022","Canada","2021A000011124","Crime severity index","Index","160","units","0","v44312461","1.1","78.76","","","","2"
"2021","Canada","2021A000011124","Percent change in crime severity index","Percent","239","units","0","v44312462","1.2","1.23","","","","2"
"2022","Canada","2021A000011124","Percent change in crime severity index","Percent","239","units","0","v44312462","1.2","5.20","","","","2"
"2021","Canada","2021A000011124","Violent crime severity index","Index","160","units","0","v44312463","1.3","93.40","","","","2"
"2022","Canada","2021A000011124","Violent crime severity index","Index","160","units","0","v44312463","1.3","99.06","","","","2"
"2021","Canada","2021A000011124","Percent change in violent crime severity index","Percent","239","units","0","v44312464","1.4","6.09","","","","2"
"2022","Canada","2021A000011124","Percent change in violent crime severity index","Percent","239","units","0","v44312464","1.4","6.06","","","","2"
"2021","Canada","2021A000011124","Non-violent crime severity index","Index","160","units","0","v44312465","1.5","68.10","","","","2"
"2022","Canada","2021A000011124","Non-violent crime severity index","Index","160","units","0","v44312465","1.5","71.32","","","","2"
"2021","Canada","2021A000011124","Percent change in non-violent crime severity index","Percent","239","units","0","v44312466","1.6","-0.90","","","","2"
"2022","Canada","2021A000011124","Percent change in non-violent crime severity index","Percent","239","units","0","v44312466","1.6","4.73","","","","2"
"2021","Canada","2021A000011124","Youth crime severity index","Index","160","units","0","v53079455","1.7","41.18","","","","2"
"2022","Canada","2021A000011124","Youth crime severity index","Index","160","units","0","v53079455","1.7","50.40","","","","2"
"2021","Canada","2021A000011124","Percent change in youth crime severity index","Percent","239","units","0","v53079456","1.8","-4.28","","","","2"
"2022","Canada","2021A000011124","Percent change in youth crime severity index","Percent","239","units","0","v53079456","1.8","22.39","","","","2"
"2021","Canada","2021A000011124","Youth violent crime severity index","Index","160","units","0","v53079457","1.9","64.32","","","","2"
"2022","Canada","2021A000011124","Youth violent crime severity index","Index","160","units","0","v53079457","1.9","83.19","","","","2"
"2021","Canada","2021A000011124","Percent change in youth violent crime severity index","Percent","239","units","0","v53079920","1.10","-3.89","","","","2"
"2022","Canada","2021A000011124","Percent change in youth violent crime severity index","Percent","239","units","0","v53079920","1.10","29.34","","","","2"
"2021","Canada","2021A000011124","Youth non-violent crime severity index","Index","160","units","0","v53079447","1.11","25.02","","","","2"
"2022","Canada","2021A000011124","Youth non-violent crime severity index","Index","160","units","0","v53079447","1.11","27.53","","","","2"
"2021","Canada","2021A000011124","Percent change in youth non-violent crime severity index","Percent","239","units","0","v53079448","1.12","-4.94","","","","2"
"2022","Canada","2021A000011124","Percent change in youth non-violent crime severity index","Percent","239","units","0","v53079448","1.12","10.03","","","","2"
"2021","Canada","2021A000011124","Weighted clearance rate","Number","223","units","0","v53079449","1.13","36.84","","","","2"
"2022","Canada","2021A000011124","Weighted clearance rate","Number","223","units","0","v53079449","1.13","35.99","","","","2"
"2021","Canada","2021A000011124","Percent change in weighted clearance rate","Percent","239","units","0","v53079450","1.14","-1.39","","","","2"
"2022","Canada","2021A000011124","Percent change in weighted clearance rate","Percent","239","units","0","v53079450","1.14","-2.31","","","","2"
"2021","Canada","2021A000011124","Violent weighted clearance rate","Number","223","units","0","v53079451","1.15","56.01","","","","2"
"2022","Canada","2021A000011124","Violent weighted clearance rate","Number","223","units","0","v53079451","1.15","55.81","","","","2"
"2021","Canada","2021A000011124","Percent change in violent weighted clearance rate","Percent","239","units","0","v53079452","1.16","-4.65","","","","2"
"2022","Canada","2021A000011124","Percent change in violent weighted clearance rate","Percent","239","units","0","v53079452","1.16","-0.36","","","","2"
"2021","Canada","2021A000011124","Non-violent weighted clearance rate","Number","223","units","0","v53079453","1.17","26.33","","","","2"
"2022","Canada","2021A000011124","Non-violent weighted clearance rate","Number","223","units","0","v53079453","1.17","24.99","","","","2"
"2021","Canada","2021A000011124","Percent change in non-violent weighted clearance rate","Percent","239","units","0","v53079454","1.18","-4.29","","","","2"
"2022","Canada","2021A000011124","Percent change in non-violent weighted clearance rate","Percent","239","units","0","v53079454","1.18","-5.09","","","","2"
"2021","Newfoundland and Labrador [10]","2021A000210","Crime severity index","Index","160","units","0","v44312467","2.1","76.87","","","","2"
"2022","Newfoundland and Labrador [10]","2021A000210","Crime severity index","Index","160","units","0","v44312467","2.1","82.08","","","","2"
"2021","Newfoundland and Labrador [10]","2021A000210","Percent change in crime severity index","Percent","239","units","0","v44312468","2.2","10.51","","","","2"
"2022","Newfoundland and Labrador [10]","2021A000210","Percent change in crime severity index","Percent","239","units","0","v44312468","2.2","6.78","","","","2"
"2021","Newfoundland and Labrador [10]","2021A000210","Violent crime severity index","Index","160","units","0","v44312469","2.3","96.16","","","","2"
"2022","Newfoundland and Labrador [10]","2021A000210","Violent crime severity index","Index","160","units","0","v44312469","2.3","96.19","","","","2"
"2021","Newfoundland and Labrador [10]","2021A000210","Percent change in violent crime severity index","Percent","239","units","0","v44312470","2.4","17.58","","","","2"
"2022","Newfoundland and Labrador [10]","2021A000210","Percent change in violent crime severity index","Percent","239","units","0","v44312470","2.4","0.03","","","","2"
"2021","Newfoundland and Labrador [10]","2021A000210","Non-violent crime severity index","Index","160","units","0","v44312471","2.5","69.80","","","","2"
"2022","Newfoundland and Labrador [10]","2021A000210","Non-violent crime severity index","Index","160","units","0","v44312471","2.5","77.14","","","","2"
"2021","Newfoundland and Labrador [10]","2021A000210","Percent change in non-violent crime severity index","Percent","239","units","0","v44312472","2.6","7.38","","","","2"
"2022","Newfoundland and Labrador [10]","2021A000210","Percent change in non-violent crime severity index","Percent","239","units","0","v44312472","2.6","10.52","","","","2"
"2021","Newfoundland and Labrador [10]","2021A000210","Youth crime severity index","Index","160","units","0","v53079560","2.7","32.19","","","","2"
"2022","Newfoundland and Labrador [10]","2021A000210","Youth crime severity index","Index","160","units","0","v53079560","2.7","30.00","","","","2"
"2021","Newfoundland and Labrador [10]","2021A000210","Percent change in youth crime severity index","Percent","239","units","0","v53079561","2.8","-12.81","","","","2"
"2022","Newfoundland and Labrador [10]","2021A000210","Percent change in youth crime severity index","Percent","239","units","0","v53079561","2.8","-6.80","","","","2"
"2021","Newfoundland and Labrador [10]","2021A000210","Youth violent crime severity index","Index","160","units","0","v53079562","2.9","40.29","","","","2"
"2022","Newfoundland and Labrador [10]","2021A000210","Youth violent crime severity index","Index","160","units","0","v53079562","2.9","44.71","","","","2"
"2021","Newfoundland and Labrador [10]","2021A000210","Percent change in youth violent crime severity index","Percent","239","units","0","v53079921","2.10","-20.45","","","","2"
"2022","Newfoundland and Labrador [10]","2021A000210","Percent change in youth violent crime severity index","Percent","239","units","0","v53079921","2.10","10.97","","","","2"
"2021","Newfoundland and Labrador [10]","2021A000210","Youth non-violent crime severity index","Index","160","units","0","v53079552","2.11","26.49","","","","2"
"2022","Newfoundland and Labrador [10]","2021A000210","Youth non-violent crime severity index","Index","160","units","0","v53079552","2.11","19.71","","","","2"
"2021","Newfoundland and Labrador [10]","2021A000210","Percent change in youth non-violent crime severity index","Percent","239","units","0","v53079553","2.12","-2.68","","","","2"
"2022","Newfoundland and Labrador [10]","2021A000210","Percent change in youth non-violent crime severity index","Percent","239","units","0","v53079553","2.12","-25.59","","","","2"
"2021","Newfoundland and Labrador [10]","2021A000210","Weighted clearance rate","Number","223","units","0","v53079554","2.13","29.25","","","","2"
"2022","Newfoundland and Labrador [10]","2021A000210","Weighted clearance rate","Number","223","units","0","v53079554","2.13","27.50","","","","2"
"2021","Newfoundland and Labrador [10]","2021A000210","Percent change in weighted clearance rate","Percent","239","units","0","v53079555","2.14","0.62","","","","2"
"2022","Newfoundland and Labrador [10]","2021A000210","Percent change in weighted clearance rate","Percent","239","units","0","v53079555","2.14","-5.98","","","","2"
"2021","Newfoundland and Labrador [10]","2021A000210","Violent weighted clearance rate","Number","223","units","0","v53079556","2.15","47.56","","","","2"
"2022","Newfoundland and Labrador [10]","2021A000210","Violent weighted clearance rate","Number","223","units","0","v53079556","2.15","45.05","","","","2"
"2021","Newfoundland and Labrador [10]","2021A000210","Percent change in violent weighted clearance rate","Percent","239","units","0","v53079557","2.16","4.71","","","","2"
"2022","Newfoundland and Labrador [10]","2021A000210","Percent change in violent weighted clearance rate","Percent","239","units","0","v53079557","2.16","-5.28","","","","2"
"2021","Newfoundland and Labrador [10]","2021A000210","Non-violent weighted clearance rate","Number","223","units","0","v53079558","2.17","19.16","","","","2"
"2022","Newfoundland and Labrador [10]","2021A000210","Non-violent weighted clearance rate","Number","223","units","0","v53079558","2.17","18.76","","","","2"
"2021","Newfoundland and Labrador [10]","2021A000210","Percent change in non-violent weighted clearance rate","Percent","239","units","0","v53079559","2.18","-11.54","","","","2"
"2022","Newfoundland and Labrador [10]","2021A000210","Percent change in non-violent weighted clearance rate","Percent","239","units","0","v53079559","2.18","-2.09","","","","2"
"2021","Prince Edward Island [11]","2021A000211","Crime severity index","Index","160","units","0","v44312479","4.1","57.13","","","","2"
"2022","Prince Edward Island [11]","2021A000211","Crime severity index","Index","160","units","0","v44312479","4.1","61.90","","","","2"
"2021","Prince Edward Island [11]","2021A000211","Percent change in crime severity index","Percent","239","units","0","v44312480","4.2","-0.21","","","","2"
"2022","Prince Edward Island [11]","2021A000211","Percent change in crime severity index","Percent","239","units","0","v44312480","4.2","8.35","","","","2"
"2021","Prince Edward Island [11]","2021A000211","Violent crime severity index","Index","160","units","0","v44312481","4.3","60.64","","","","2"
"2022","Prince Edward Island [11]","2021A000211","Violent crime severity index","Index","160","units","0","v44312481","4.3","66.20","","","","2"
"2021","Prince Edward Island [11]","2021A000211","Percent change in violent crime severity index","Percent","239","units","0","v44312482","4.4","7.52","","","","2"
"2022","Prince Edward Island [11]","2021A000211","Percent change in violent crime severity index","Percent","239","units","0","v44312482","4.4","9.17","","","","2"
"2021","Prince Edward Island [11]","2021A000211","Non-violent crime severity index","Index","160","units","0","v44312483","4.5","56.21","","","","2"
"2022","Prince Edward Island [11]","2021A000211","Non-violent crime severity index","Index","160","units","0","v44312483","4.5","60.70","","","","2"
"2021","Prince Edward Island [11]","2021A000211","Percent change in non-violent crime severity index","Percent","239","units","0","v44312484","4.6","-2.11","","","","2"
"2022","Prince Edward Island [11]","2021A000211","Percent change in non-violent crime severity index","Percent","239","units","0","v44312484","4.6","7.99","","","","2"
"2021","Prince Edward Island [11]","2021A000211","Youth crime severity index","Index","160","units","0","v53079773","4.7","22.27","","","","2"
"2022","Prince Edward Island [11]","2021A000211","Youth crime severity index","Index","160","units","0","v53079773","4.7","24.74","","","","2"
"2021","Prince Edward Island [11]","2021A000211","Percent change in youth crime severity index","Percent","239","units","0","v53079774","4.8","16.54","","","","2"
"2022","Prince Edward Island [11]","2021A000211","Percent change in youth crime severity index","Percent","239","units","0","v53079774","4.8","11.09","","","","2"
"2021","Prince Edward Island [11]","2021A000211","Youth violent crime severity index","Index","160","units","0","v53079775","4.9","29.01","","","","2"
"2022","Prince Edward Island [11]","2021A000211","Youth violent crime severity index","Index","160","units","0","v53079775","4.9","35.41","","","","2"
"2021","Prince Edward Island [11]","2021A000211","Percent change in youth violent crime severity index","Percent","239","units","0","v53079922","4.10","28.02","","","","2"
"2022","Prince Edward Island [11]","2021A000211","Percent change in youth violent crime severity index","Percent","239","units","0","v53079922","4.10","22.06","","","","2"
"2021","Prince Edward Island [11]","2021A000211","Youth non-violent crime severity index","Index","160","units","0","v53079765","4.11","17.54","","","","2"
"2022","Prince Edward Island [11]","2021A000211","Youth non-violent crime severity index","Index","160","units","0","v53079765","4.11","17.26","","","","2"
"2021","Prince Edward Island [11]","2021A000211","Percent change in youth non-violent crime severity index","Percent","239","units","0","v53079766","4.12","6.17","","","","2"
"2022","Prince Edward Island [11]","2021A000211","Percent change in youth non-violent crime severity index","Percent","239","units","0","v53079766","4.12","-1.60","","","","2"
"2021","Prince Edward Island [11]","2021A000211","Weighted clearance rate","Number","223","units","0","v53079767","4.13","27.04","","","","2"
"2022","Prince Edward Island [11]","2021A000211","Weighted clearance rate","Number","223","units","0","v53079767","4.13","28.87","","","","2"
"2021","Prince Edward Island [11]","2021A000211","Percent change in weighted clearance rate","Percent","239","units","0","v53079768","4.14","-7.93","","","","2"
"2022","Prince Edward Island [11]","2021A000211","Percent change in weighted clearance rate","Percent","239","units","0","v53079768","4.14","6.77","","","","2"
"2021","Prince Edward Island [11]","2021A000211","Violent weighted clearance rate","Number","223","units","0","v53079769","4.15","43.19","","","","2"
"2022","Prince Edward Island [11]","2021A000211","Violent weighted clearance rate","Number","223","units","0","v53079769","4.15","42.29","","","","2"
"2021","Prince Edward Island [11]","2021A000211","Percent change in violent weighted clearance rate","Percent","239","units","0","v53079770","4.16","-3.79","","","","2"
"2022","Prince Edward Island [11]","2021A000211","Percent change in violent weighted clearance rate","Percent","239","units","0","v53079770","4.16","-2.08","","","","2"
"2021","Prince Edward Island [11]","2021A000211","Non-violent weighted clearance rate","Number","223","units","0","v53079771","4.17","20.08","","","","2"
"2022","Prince Edward Island [11]","2021A000211","Non-violent weighted clearance rate","Number","223","units","0","v53079771","4.17","23.03","","","","2"
"2021","Prince Edward Island [11]","2021A000211","Percent change in non-violent weighted clearance rate","Percent","239","units","0","v53079772","4.18","-15.95","","","","2"
"2022","Prince Edward Island [11]","2021A000211","Percent change in non-violent weighted clearance rate","Percent","239","units","0","v53079772","4.18","14.69","","","","2"
"2021","Nova Scotia [12]","2021A000212","Crime severity index","Index","160","units","0","v44312485","5.1","71.60","","","","2"
"2022","Nova Scotia [12]","2021A000212","Crime severity index","Index","160","units","0","v44312485","5.1","74.80","","","","2"
"2021","Nova Scotia [12]","2021A000212","Percent change in crime severity index","Percent","239","units","0","v44312486","5.2","-0.79","","","","2"
"2022","Nova Scotia [12]","2021A000212","Percent change in crime severity index","Percent","239","units","0","v44312486","5.2","4.47","","","","2"
"2021","Nova Scotia [12]","2021A000212","Violent crime severity index","Index","160","units","0","v44312487","5.3","98.14","","","","2"
"2022","Nova Scotia [12]","2021A000212","Violent crime severity index","Index","160","units","0","v44312487","5.3","99.87","","","","2"
"2021","Nova Scotia [12]","2021A000212","Percent change in violent crime severity index","Percent","239","units","0","v44312488","5.4","-2.08","","","","2"
"2022","Nova Scotia [12]","2021A000212","Percent change in violent crime severity index","Percent","239","units","0","v44312488","5.4","1.76","","","","2"
"2021","Nova Scotia [12]","2021A000212","Non-violent crime severity index","Index","160","units","0","v44312489","5.5","61.59","","","","2"
"2022","Nova Scotia [12]","2021A000212","Non-violent crime severity index","Index","160","units","0","v44312489","5.5","65.41","","","","2"
"2021","Nova Scotia [12]","2021A000212","Percent change in non-violent crime severity index","Percent","239","units","0","v44312490","5.6","-0.50","","","","2"
"2022","Nova Scotia [12]","2021A000212","Percent change in non-violent crime severity index","Percent","239","units","0","v44312490","5.6","6.20","","","","2"
"2021","Nova Scotia [12]","2021A000212","Youth crime severity index","Index","160","units","0","v53079875","5.7","39.66","","","","2"
"2022","Nova Scotia [12]","2021A000212","Youth crime severity index","Index","160","units","0","v53079875","5.7","43.43","","","","2"
"2021","Nova Scotia [12]","2021A000212","Percent change in youth crime severity index","Percent","239","units","0","v53079876","5.8","13.51","","","","2"
"2022","Nova Scotia [12]","2021A000212","Percent change in youth crime severity index","Percent","239","units","0","v53079876","5.8","9.51","","","","2"
"2021","Nova Scotia [12]","2021A000212","Youth violent crime severity index","Index","160","units","0","v53079877","5.9","52.55","","","","2"
"2022","Nova Scotia [12]","2021A000212","Youth violent crime severity index","Index","160","units","0","v53079877","5.9","65.07","","","","2"
"2021","Nova Scotia [12]","2021A000212","Percent change in youth violent crime severity index","Percent","239","units","0","v53079923","5.10","8.40","","","","2"
"2022","Nova Scotia [12]","2021A000212","Percent change in youth violent crime severity index","Percent","239","units","0","v53079923","5.10","23.82","","","","2"
"2021","Nova Scotia [12]","2021A000212","Youth non-violent crime severity index","Index","160","units","0","v53079867","5.11","30.61","","","","2"
"2022","Nova Scotia [12]","2021A000212","Youth non-violent crime severity index","Index","160","units","0","v53079867","5.11","28.30","","","","2"
"2021","Nova Scotia [12]","2021A000212","Percent change in youth non-violent crime severity index","Percent","239","units","0","v53079868","5.12","20.61","","","","2"
"2022","Nova Scotia [12]","2021A000212","Percent change in youth non-violent crime severity index","Percent","239","units","0","v53079868","5.12","-7.55","","","","2"
"2021","Nova Scotia [12]","2021A000212","Weighted clearance rate","Number","223","units","0","v53079869","5.13","32.82","","","","2"
"2022","Nova Scotia [12]","2021A000212","Weighted clearance rate","Number","223","units","0","v53079869","5.13","31.99","","","","2"
"2021","Nova Scotia [12]","2021A000212","Percent change in weighted clearance rate","Percent","239","units","0","v53079870","5.14","-13.59","","","","2"
"2022","Nova Scotia [12]","2021A000212","Percent change in weighted clearance rate","Percent","239","units","0","v53079870","5.14","-2.53","","","","2"
"2021","Nova Scotia [12]","2021A000212","Violent weighted clearance rate","Number","223","units","0","v53079871","5.15","47.77","","","","2"
"2022","Nova Scotia [12]","2021A000212","Violent weighted clearance rate","Number","223","units","0","v53079871","5.15","48.43","","","","2"
"2021","Nova Scotia [12]","2021A000212","Percent change in violent weighted clearance rate","Percent","239","units","0","v53079872","5.16","-23.16","","","","2"
"2022","Nova Scotia [12]","2021A000212","Percent change in violent weighted clearance rate","Percent","239","units","0","v53079872","5.16","1.38","","","","2"
"2021","Nova Scotia [12]","2021A000212","Non-violent weighted clearance rate","Number","223","units","0","v53079873","5.17","23.29","","","","2"
"2022","Nova Scotia [12]","2021A000212","Non-violent weighted clearance rate","Number","223","units","0","v53079873","5.17","21.96","","","","2"
"2021","Nova Scotia [12]","2021A000212","Percent change in non-violent weighted clearance rate","Percent","239","units","0","v53079874","5.18","-2.51","","","","2"
"2022","Nova Scotia [12]","2021A000212","Percent change in non-violent weighted clearance rate","Percent","239","units","0","v53079874","5.18","-5.71","","","","2"
"2021","New Brunswick [13]","2021A000213","Crime severity index","Index","160","units","0","v44312497","7.1","87.44","","","","2"
"2022","New Brunswick [13]","2021A000213","Crime severity index","Index","160","units","0","v44312497","7.1","87.40","","","","2"
"2021","New Brunswick [13]","2021A000213","Percent change in crime severity index","Percent","239","units","0","v44312498","7.2","4.88","","","","2"
"2022","New Brunswick [13]","2021A000213","Percent change in crime severity index","Percent","239","units","0","v44312498","7.2","-0.05","","","","2"
"2021","New Brunswick [13]","2021A000213","Violent crime severity index","Index","160","units","0","v44312499","7.3","89.39","","","","2"
"2022","New Brunswick [13]","2021A000213","Violent crime severity index","Index","160","units","0","v44312499","7.3","98.13","","","","2"
"2021","New Brunswick [13]","2021A000213","Percent change in violent crime severity index","Percent","239","units","0","v44312500","7.4","5.92","","","","2"
"2022","New Brunswick [13]","2021A000213","Percent change in violent crime severity index","Percent","239","units","0","v44312500","7.4","9.78","","","","2"
"2021","New Brunswick [13]","2021A000213","Non-violent crime severity index","Index","160","units","0","v44312501","7.5","87.40","","","","2"
"2022","New Brunswick [13]","2021A000213","Non-violent crime severity index","Index","160","units","0","v44312501","7.5","83.85","","","","2"
"2021","New Brunswick [13]","2021A000213","Percent change in non-violent crime severity index","Percent","239","units","0","v44312502","7.6","5.54","","","","2"
"2022","New Brunswick [13]","2021A000213","Percent change in non-violent crime severity index","Percent","239","units","0","v44312502","7.6","-4.06","","","","2"
"2021","New Brunswick [13]","2021A000213","Youth crime severity index","Index","160","units","0","v53079896","7.7","31.93","","","","2"
"2022","New Brunswick [13]","2021A000213","Youth crime severity index","Index","160","units","0","v53079896","7.7","40.56","","","","2"
"2021","New Brunswick [13]","2021A000213","Percent change in youth crime severity index","Percent","239","units","0","v53079897","7.8","-16.48","","","","2"
"2022","New Brunswick [13]","2021A000213","Percent change in youth crime severity index","Percent","239","units","0","v53079897","7.8","27.03","","","","2"
"2021","New Brunswick [13]","2021A000213","Youth violent crime severity index","Index","160","units","0","v53079898","7.9","43.32","","","","2"
"2022","New Brunswick [13]","2021A000213","Youth violent crime severity index","Index","160","units","0","v53079898","7.9","65.90","","","","2"
"2021","New Brunswick [13]","2021A000213","Percent change in youth violent crime severity index","Percent","239","units","0","v53079924","7.10","-7.97","","","","2"
"2022","New Brunswick [13]","2021A000213","Percent change in youth violent crime severity index","Percent","239","units","0","v53079924","7.10","52.12","","","","2"
"2021","New Brunswick [13]","2021A000213","Youth non-violent crime severity index","Index","160","units","0","v53079888","7.11","23.94","","","","2"
"2022","New Brunswick [13]","2021A000213","Youth non-violent crime severity index","Index","160","units","0","v53079888","7.11","22.87","","","","2"
"2021","New Brunswick [13]","2021A000213","Percent change in youth non-violent crime severity index","Percent","239","units","0","v53079889","7.12","-24.84","","","","2"
"2022","New Brunswick [13]","2021A000213","Percent change in youth non-violent crime severity index","Percent","239","units","0","v53079889","7.12","-4.47","","","","2"
"2021","New Brunswick [13]","2021A000213","Weighted clearance rate","Number","223","units","0","v53079890","7.13","26.45","","","","2"
"2022","New Brunswick [13]","2021A000213","Weighted clearance rate","Number","223","units","0","v53079890","7.13","29.18","","","","2"
"2021","New Brunswick [13]","2021A000213","Percent change in weighted clearance rate","Percent","239","units","0","v53079891","7.14","-12.50","","","","2"
"2022","New Brunswick [13]","2021A000213","Percent change in weighted clearance rate","Percent","239","units","0","v53079891","7.14","10.32","","","","2"
"2021","New Brunswick [13]","2021A000213","Violent weighted clearance rate","Number","223","units","0","v53079892","7.15","46.58","","","","2"
"2022","New Brunswick [13]","2021A000213","Violent weighted clearance rate","Number","223","units","0","v53079892","7.15","49.36","","","","2"
"2021","New Brunswick [13]","2021A000213","Percent change in violent weighted clearance rate","Percent","239","units","0","v53079893","7.16","-17.19","","","","2"
"2022","New Brunswick [13]","2021A000213","Percent change in violent weighted clearance rate","Percent","239","units","0","v53079893","7.16","5.97","","","","2"
"2021","New Brunswick [13]","2021A000213","Non-violent weighted clearance rate","Number","223","units","0","v53079894","7.17","18.23","","","","2"
"2022","New Brunswick [13]","2021A000213","Non-violent weighted clearance rate","Number","223","units","0","v53079894","7.17","19.74","","","","2"
"2021","New Brunswick [13]","2021A000213","Percent change in non-violent weighted clearance rate","Percent","239","units","0","v53079895","7.18","-11.93","","","","2"
"2022","New Brunswick [13]","2021A000213","Percent change in non-violent weighted clearance rate","Percent","239","units","0","v53079895","7.18","8.28","","","","2"
"2021","Quebec [24]","2021A000224","Crime severity index","Index","160","units","0","v44312509","9.1","56.79","","","","2"
"2022","Quebec [24]","2021A000224","Crime severity index","Index","160","units","0","v44312509","9.1","60.34","","","","2"
"2021","Quebec [24]","2021A000224","Percent change in crime severity index","Percent","239","units","0","v44312510","9.2","10.06","","","","2"
"2022","Quebec [24]","2021A000224","Percent change in crime severity index","Percent","239","units","0","v44312510","9.2","6.25","","","","2"
"2021","Quebec [24]","2021A000224","Violent crime severity index","Index","160","units","0","v44312511","9.3","84.16","","","","2"
"2022","Quebec [24]","2021A000224","Violent crime severity index","Index","160","units","0","v44312511","9.3","89.01","","","","2"
"2021","Quebec [24]","2021A000224","Percent change in violent crime severity index","Percent","239","units","0","v44312512","9.4","13.18","","","","2"
"2022","Quebec [24]","2021A000224","Percent change in violent crime severity index","Percent","239","units","0","v44312512","9.4","5.76","","","","2"
"2021","Quebec [24]","2021A000224","Non-violent crime severity index","Index","160","units","0","v44312513","9.5","46.34","","","","2"
"2022","Quebec [24]","2021A000224","Non-violent crime severity index","Index","160","units","0","v44312513","9.5","49.39","","","","2"
"2021","Quebec [24]","2021A000224","Percent change in non-violent crime severity index","Percent","239","units","0","v44312514","9.6","7.05","","","","2"
"2022","Quebec [24]","2021A000224","Percent change in non-violent crime severity index","Percent","239","units","0","v44312514","9.6","6.58","","","","2"
"2021","Quebec [24]","2021A000224","Youth crime severity index","Index","160","units","0","v53079917","9.7","56.39","","","","2"
"2022","Quebec [24]","2021A000224","Youth crime severity index","Index","160","units","0","v53079917","9.7","62.63","","","","2"
"2021","Quebec [24]","2021A000224","Percent change in youth crime severity index","Percent","239","units","0","v53079918","9.8","16.22","","","","2"
"2022","Quebec [24]","2021A000224","Percent change in youth crime severity index","Percent","239","units","0","v53079918","9.8","11.07","","","","2"
"2021","Quebec [24]","2021A000224","Youth violent crime severity index","Index","160","units","0","v53079919","9.9","90.09","","","","2"
"2022","Quebec [24]","2021A000224","Youth violent crime severity index","Index","160","units","0","v53079919","9.9","97.49","","","","2"
"2021","Quebec [24]","2021A000224","Percent change in youth violent crime severity index","Percent","239","units","0","v53079925","9.10","17.67","","","","2"
"2022","Quebec [24]","2021A000224","Percent change in youth violent crime severity index","Percent","239","units","0","v53079925","9.10","8.21","","","","2"
"2021","Quebec [24]","2021A000224","Youth non-violent crime severity index","Index","160","units","0","v53079909","9.11","32.86","","","","2"
"2022","Quebec [24]","2021A000224","Youth non-violent crime severity index","Index","160","units","0","v53079909","9.11","38.27","","","","2"
"2021","Quebec [24]","2021A000224","Percent change in youth non-violent crime severity index","Percent","239","units","0","v53079910","9.12","13.51","","","","2"
"2022","Quebec [24]","2021A000224","Percent change in youth non-violent crime severity index","Percent","239","units","0","v53079910","9.12","16.46","","","","2"
"2021","Quebec [24]","2021A000224","Weighted clearance rate","Number","223","units","0","v53079911","9.13","42.18","","","","2"
"2022","Quebec [24]","2021A000224","Weighted clearance rate","Number","223","units","0","v53079911","9.13","43.06","","","","2"
"2021","Quebec [24]","2021A000224","Percent change in weighted clearance rate","Percent","239","units","0","v53079912","9.14","-6.02","","","","2"
"2022","Quebec [24]","2021A000224","Percent change in weighted clearance rate","Percent","239","units","0","v53079912","9.14","2.09","","","","2"
"2021","Quebec [24]","2021A000224","Violent weighted clearance rate","Number","223","units","0","v53079913","9.15","62.11","","","","2"
"2022","Quebec [24]","2021A000224","Violent weighted clearance rate","Number","223","units","0","v53079913","9.15","61.92","","","","2"
"2021","Quebec [24]","2021A000224","Percent change in violent weighted clearance rate","Percent","239","units","0","v53079914","9.16","-7.96","","","","2"
"2022","Quebec [24]","2021A000224","Percent change in violent weighted clearance rate","Percent","239","units","0","v53079914","9.16","-0.31","","","","2"
"2021","Quebec [24]","2021A000224","Non-violent weighted clearance rate","Number","223","units","0","v53079915","9.17","27.71","","","","2"
"2022","Quebec [24]","2021A000224","Non-violent weighted clearance rate","Number","223","units","0","v53079915","9.17","29.48","","","","2"
"2021","Quebec [24]","2021A000224","Percent change in non-violent weighted clearance rate","Percent","239","units","0","v53079916","9.18","-10.38","","","","2"
"2022","Quebec [24]","2021A000224","Percent change in non-violent weighted clearance rate","Percent","239","units","0","v53079916","9.18","6.39","","","","2"
"2021","Ontario [35]","2021A000235","Crime severity index","Index","160","units","0","v44312551","16.1","56.04","","","","2"
"2022","Ontario [35]","2021A000235","Crime severity index","Index","160","units","0","v44312551","16.1","58.81","","","","2"
"2021","Ontario [35]","2021A000235","Percent change in crime severity index","Percent","239","units","0","v44312552","16.2","0.90","","","","2"
"2022","Ontario [35]","2021A000235","Percent change in crime severity index","Percent","239","units","0","v44312552","16.2","4.94","","","","2"
"2021","Ontario [35]","2021A000235","Violent crime severity index","Index","160","units","0","v44312553","16.3","72.69","","","","2"
"2022","Ontario [35]","2021A000235","Violent crime severity index","Index","160","units","0","v44312553","16.3","78.59","","","","2"
"2021","Ontario [35]","2021A000235","Percent change in violent crime severity index","Percent","239","units","0","v44312554","16.4","4.33","","","","2"
"2022","Ontario [35]","2021A000235","Percent change in violent crime severity index","Percent","239","units","0","v44312554","16.4","8.12","","","","2"
"2021","Ontario [35]","2021A000235","Non-violent crime severity index","Index","160","units","0","v44312555","16.5","49.86","","","","2"
"2022","Ontario [35]","2021A000235","Non-violent crime severity index","Index","160","units","0","v44312555","16.5","51.41","","","","2"
"2021","Ontario [35]","2021A000235","Percent change in non-violent crime severity index","Percent","239","units","0","v44312556","16.6","-0.93","","","","2"
"2022","Ontario [35]","2021A000235","Percent change in non-violent crime severity index","Percent","239","units","0","v44312556","16.6","3.11","","","","2"
"2021","Ontario [35]","2021A000235","Youth crime severity index","Index","160","units","0","v53079521","16.7","31.42","","","","2"
"2022","Ontario [35]","2021A000235","Youth crime severity index","Index","160","units","0","v53079521","16.7","41.63","","","","2"
"2021","Ontario [35]","2021A000235","Percent change in youth crime severity index","Percent","239","units","0","v53079522","16.8","-15.92","","","","2"
"2022","Ontario [35]","2021A000235","Percent change in youth crime severity index","Percent","239","units","0","v53079522","16.8","32.50","","","","2"
"2021","Ontario [35]","2021A000235","Youth violent crime severity index","Index","160","units","0","v53079523","16.9","51.10","","","","2"
"2022","Ontario [35]","2021A000235","Youth violent crime severity index","Index","160","units","0","v53079523","16.9","73.67","","","","2"
"2021","Ontario [35]","2021A000235","Percent change in youth violent crime severity index","Percent","239","units","0","v53079926","16.10","-18.36","","","","2"
"2022","Ontario [35]","2021A000235","Percent change in youth violent crime severity index","Percent","239","units","0","v53079926","16.10","44.17","","","","2"
"2021","Ontario [35]","2021A000235","Youth non-violent crime severity index","Index","160","units","0","v53079513","16.11","17.69","","","","2"
"2022","Ontario [35]","2021A000235","Youth non-violent crime severity index","Index","160","units","0","v53079513","16.11","19.29","","","","2"
"2021","Ontario [35]","2021A000235","Percent change in youth non-violent crime severity index","Percent","239","units","0","v53079514","16.12","-10.75","","","","2"
"2022","Ontario [35]","2021A000235","Percent change in youth non-violent crime severity index","Percent","239","units","0","v53079514","16.12","9.04","","","","2"
"2021","Ontario [35]","2021A000235","Weighted clearance rate","Number","223","units","0","v53079515","16.13","41.31","","","","2"
"2022","Ontario [35]","2021A000235","Weighted clearance rate","Number","223","units","0","v53079515","16.13","39.63","","","","2"
"2021","Ontario [35]","2021A000235","Percent change in weighted clearance rate","Percent","239","units","0","v53079516","16.14","2.08","","","","2"
"2022","Ontario [35]","2021A000235","Percent change in weighted clearance rate","Percent","239","units","0","v53079516","16.14","-4.07","","","","2"
"2021","Ontario [35]","2021A000235","Violent weighted clearance rate","Number","223","units","0","v53079517","16.15","61.27","","","","2"
"2022","Ontario [35]","2021A000235","Violent weighted clearance rate","Number","223","units","0","v53079517","16.15","59.96","","","","2"
"2021","Ontario [35]","2021A000235","Percent change in violent weighted clearance rate","Percent","239","units","0","v53079518","16.16","-0.81","","","","2"
"2022","Ontario [35]","2021A000235","Percent change in violent weighted clearance rate","Percent","239","units","0","v53079518","16.16","-2.14","","","","2"
"2021","Ontario [35]","2021A000235","Non-violent weighted clearance rate","Number","223","units","0","v53079519","16.17","29.69","","","","2"
"2022","Ontario [35]","2021A000235","Non-violent weighted clearance rate","Number","223","units","0","v53079519","16.17","27.21","","","","2"
"2021","Ontario [35]","2021A000235","Percent change in non-violent weighted clearance rate","Percent","239","units","0","v53079520","16.18","-0.60","","","","2"
"2022","Ontario [35]","2021A000235","Percent change in non-violent weighted clearance rate","Percent","239","units","0","v53079520","16.18","-8.35","","","","2"
"2021","Manitoba [46]","2021A000246","Crime severity index","Index","160","units","0","v44312623","28.1","128.62","","","","2"
"2022","Manitoba [46]","2021A000246","Crime severity index","Index","160","units","0","v44312623","28.1","146.67","","","","2"
"2021","Manitoba [46]","2021A000246","Percent change in crime severity index","Percent","239","units","0","v44312624","28.2","2.15","","","","2"
"2022","Manitoba [46]","2021A000246","Percent change in crime severity index","Percent","239","units","0","v44312624","28.2","14.03","","","","2"
"2021","Manitoba [46]","2021A000246","Violent crime severity index","Index","160","units","0","v44312625","28.3","182.56","","","","2"
"2022","Manitoba [46]","2021A000246","Violent crime severity index","Index","160","units","0","v44312625","28.3","211.85","","","","2"
"2021","Manitoba [46]","2021A000246","Percent change in violent crime severity index","Percent","239","units","0","v44312626","28.4","6.70","","","","2"
"2022","Manitoba [46]","2021A000246","Percent change in violent crime severity index","Percent","239","units","0","v44312626","28.4","16.04","","","","2"
"2021","Manitoba [46]","2021A000246","Non-violent crime severity index","Index","160","units","0","v44312627","28.5","108.15","","","","2"
"2022","Manitoba [46]","2021A000246","Non-violent crime severity index","Index","160","units","0","v44312627","28.5","121.86","","","","2"
"2021","Manitoba [46]","2021A000246","Percent change in non-violent crime severity index","Percent","239","units","0","v44312628","28.6","-1.11","","","","2"
"2022","Manitoba [46]","2021A000246","Percent change in non-violent crime severity index","Percent","239","units","0","v44312628","28.6","12.68","","","","2"
"2021","Manitoba [46]","2021A000246","Youth crime severity index","Index","160","units","0","v53079644","28.7","72.63","","","","2"
"2022","Manitoba [46]","2021A000246","Youth crime severity index","Index","160","units","0","v53079644","28.7","114.38","","","","2"
"2021","Manitoba [46]","2021A000246","Percent change in youth crime severity index","Percent","239","units","0","v53079645","28.8","-12.92","","","","2"
"2022","Manitoba [46]","2021A000246","Percent change in youth crime severity index","Percent","239","units","0","v53079645","28.8","57.48","","","","2"
"2021","Manitoba [46]","2021A000246","Youth violent crime severity index","Index","160","units","0","v53079646","28.9","117.45","","","","2"
"2022","Manitoba [46]","2021A000246","Youth violent crime severity index","Index","160","units","0","v53079646","28.9","205.40","","","","2"
"2021","Manitoba [46]","2021A000246","Percent change in youth violent crime severity index","Percent","239","units","0","v53079927","28.10","-8.83","","","","2"
"2022","Manitoba [46]","2021A000246","Percent change in youth violent crime severity index","Percent","239","units","0","v53079927","28.10","74.88","","","","2"
"2021","Manitoba [46]","2021A000246","Youth non-violent crime severity index","Index","160","units","0","v53079636","28.11","41.35","","","","2"
"2022","Manitoba [46]","2021A000246","Youth non-violent crime severity index","Index","160","units","0","v53079636","28.11","50.93","","","","2"
"2021","Manitoba [46]","2021A000246","Percent change in youth non-violent crime severity index","Percent","239","units","0","v53079637","28.12","-19.96","","","","2"
"2022","Manitoba [46]","2021A000246","Percent change in youth non-violent crime severity index","Percent","239","units","0","v53079637","28.12","23.17","","","","2"
"2021","Manitoba [46]","2021A000246","Weighted clearance rate","Number","223","units","0","v53079638","28.13","40.01","","","","2"
"2022","Manitoba [46]","2021A000246","Weighted clearance rate","Number","223","units","0","v53079638","28.13","39.69","","","","2"
"2021","Manitoba [46]","2021A000246","Percent change in weighted clearance rate","Percent","239","units","0","v53079639","28.14","-3.43","","","","2"
"2022","Manitoba [46]","2021A000246","Percent change in weighted clearance rate","Percent","239","units","0","v53079639","28.14","-0.80","","","","2"
"2021","Manitoba [46]","2021A000246","Violent weighted clearance rate","Number","223","units","0","v53079640","28.15","57.03","","","","2"
"2022","Manitoba [46]","2021A000246","Violent weighted clearance rate","Number","223","units","0","v53079640","28.15","58.19","","","","2"
"2021","Manitoba [46]","2021A000246","Percent change in violent weighted clearance rate","Percent","239","units","0","v53079641","28.16","-4.55","","","","2"
"2022","Manitoba [46]","2021A000246","Percent change in violent weighted clearance rate","Percent","239","units","0","v53079641","28.16","2.03","","","","2"
"2021","Manitoba [46]","2021A000246","Non-violent weighted clearance rate","Number","223","units","0","v53079642","28.17","28.52","","","","2"
"2022","Manitoba [46]","2021A000246","Non-violent weighted clearance rate","Number","223","units","0","v53079642","28.17","26.83","","","","2"
"2021","Manitoba [46]","2021A000246","Percent change in non-violent weighted clearance rate","Percent","239","units","0","v53079643","28.18","-8.35","","","","2"
"2022","Manitoba [46]","2021A000246","Percent change in non-violent weighted clearance rate","Percent","239","units","0","v53079643","28.18","-5.93","","","","2"
"2021","Saskatchewan [47]","2021A000247","Crime severity index","Index","160","units","0","v44312635","30.1","149.99","","","","2"
"2022","Saskatchewan [47]","2021A000247","Crime severity index","Index","160","units","0","v44312635","30.1","156.58","","","","2"
"2021","Saskatchewan [47]","2021A000247","Percent change in crime severity index","Percent","239","units","0","v44312636","30.2","5.11","","","","2"
"2022","Saskatchewan [47]","2021A000247","Percent change in crime severity index","Percent","239","units","0","v44312636","30.2","4.39","","","","2"
"2021","Saskatchewan [47]","2021A000247","Violent crime severity index","Index","160","units","0","v44312637","30.3","189.36","","","","2"
"2022","Saskatchewan [47]","2021A000247","Violent crime severity index","Index","160","units","0","v44312637","30.3","197.76","","","","2"
"2021","Saskatchewan [47]","2021A000247","Percent change in violent crime severity index","Percent","239","units","0","v44312638","30.4","5.55","","","","2"
"2022","Saskatchewan [47]","2021A000247","Percent change in violent crime severity index","Percent","239","units","0","v44312638","30.4","4.44","","","","2"
"2021","Saskatchewan [47]","2021A000247","Non-violent crime severity index","Index","160","units","0","v44312639","30.5","135.52","","","","2"
"2022","Saskatchewan [47]","2021A000247","Non-violent crime severity index","Index","160","units","0","v44312639","30.5","141.44","","","","2"
"2021","Saskatchewan [47]","2021A000247","Percent change in non-violent crime severity index","Percent","239","units","0","v44312640","30.6","4.92","","","","2"
"2022","Saskatchewan [47]","2021A000247","Percent change in non-violent crime severity index","Percent","239","units","0","v44312640","30.6","4.37","","","","2"
"2021","Saskatchewan [47]","2021A000247","Youth crime severity index","Index","160","units","0","v53079674","30.7","88.92","","","","2"
"2022","Saskatchewan [47]","2021A000247","Youth crime severity index","Index","160","units","0","v53079674","30.7","104.66","","","","2"
"2021","Saskatchewan [47]","2021A000247","Percent change in youth crime severity index","Percent","239","units","0","v53079675","30.8","-4.83","","","","2"
"2022","Saskatchewan [47]","2021A000247","Percent change in youth crime severity index","Percent","239","units","0","v53079675","30.8","17.70","","","","2"
"2021","Saskatchewan [47]","2021A000247","Youth violent crime severity index","Index","160","units","0","v53079676","30.9","128.31","","","","2"
"2022","Saskatchewan [47]","2021A000247","Youth violent crime severity index","Index","160","units","0","v53079676","30.9","170.07","","","","2"
"2021","Saskatchewan [47]","2021A000247","Percent change in youth violent crime severity index","Percent","239","units","0","v53079945","30.10","-0.87","","","","2"
"2022","Saskatchewan [47]","2021A000247","Percent change in youth violent crime severity index","Percent","239","units","0","v53079945","30.10","32.55","","","","2"
"2021","Saskatchewan [47]","2021A000247","Youth non-violent crime severity index","Index","160","units","0","v53079666","30.11","61.35","","","","2"
"2022","Saskatchewan [47]","2021A000247","Youth non-violent crime severity index","Index","160","units","0","v53079666","30.11","59.01","","","","2"
"2021","Saskatchewan [47]","2021A000247","Percent change in youth non-violent crime severity index","Percent","239","units","0","v53079667","30.12","-9.78","","","","2"
"2022","Saskatchewan [47]","2021A000247","Percent change in youth non-violent crime severity index","Percent","239","units","0","v53079667","30.12","-3.81","","","","2"
"2021","Saskatchewan [47]","2021A000247","Weighted clearance rate","Number","223","units","0","v53079668","30.13","40.41","","","","2"
"2022","Saskatchewan [47]","2021A000247","Weighted clearance rate","Number","223","units","0","v53079668","30.13","39.42","","","","2"
"2021","Saskatchewan [47]","2021A000247","Percent change in weighted clearance rate","Percent","239","units","0","v53079669","30.14","-4.13","","","","2"
"2022","Saskatchewan [47]","2021A000247","Percent change in weighted clearance rate","Percent","239","units","0","v53079669","30.14","-2.45","","","","2"
"2021","Saskatchewan [47]","2021A000247","Violent weighted clearance rate","Number","223","units","0","v53079670","30.15","55.20","","","","2"
"2022","Saskatchewan [47]","2021A000247","Violent weighted clearance rate","Number","223","units","0","v53079670","30.15","56.46","","","","2"
"2021","Saskatchewan [47]","2021A000247","Percent change in violent weighted clearance rate","Percent","239","units","0","v53079671","30.16","-4.84","","","","2"
"2022","Saskatchewan [47]","2021A000247","Percent change in violent weighted clearance rate","Percent","239","units","0","v53079671","30.16","2.28","","","","2"
"2021","Saskatchewan [47]","2021A000247","Non-violent weighted clearance rate","Number","223","units","0","v53079672","30.17","32.15","","","","2"
"2022","Saskatchewan [47]","2021A000247","Non-violent weighted clearance rate","Number","223","units","0","v53079672","30.17","29.90","","","","2"
"2021","Saskatchewan [47]","2021A000247","Percent change in non-violent weighted clearance rate","Percent","239","units","0","v53079673","30.18","-6.08","","","","2"
"2022","Saskatchewan [47]","2021A000247","Percent change in non-violent weighted clearance rate","Percent","239","units","0","v53079673","30.18","-7.00","","","","2"
"2021","Alberta [48]","2021A000248","Crime severity index","Index","160","units","0","v44312653","33.1","101.55","","","","2"
"2022","Alberta [48]","2021A000248","Crime severity index","Index","160","units","0","v44312653","33.1","105.22","","","","2"
"2021","Alberta [48]","2021A000248","Percent change in crime severity index","Percent","239","units","0","v44312654","33.2","-6.65","","","","2"
"2022","Alberta [48]","2021A000248","Percent change in crime severity index","Percent","239","units","0","v44312654","33.2","3.61","","","","2"
"2021","Alberta [48]","2021A000248","Violent crime severity index","Index","160","units","0","v44312655","33.3","114.40","","","","2"
"2022","Alberta [48]","2021A000248","Violent crime severity index","Index","160","units","0","v44312655","33.3","113.69","","","","2"
"2021","Alberta [48]","2021A000248","Percent change in violent crime severity index","Percent","239","units","0","v44312656","33.4","4.19","","","","2"
"2022","Alberta [48]","2021A000248","Percent change in violent crime severity index","Percent","239","units","0","v44312656","33.4","-0.62","","","","2"
"2021","Alberta [48]","2021A000248","Non-violent crime severity index","Index","160","units","0","v44312657","33.5","97.27","","","","2"
"2022","Alberta [48]","2021A000248","Non-violent crime severity index","Index","160","units","0","v44312657","33.5","102.73","","","","2"
"2021","Alberta [48]","2021A000248","Percent change in non-violent crime severity index","Percent","239","units","0","v44312658","33.6","-10.07","","","","2"
"2022","Alberta [48]","2021A000248","Percent change in non-violent crime severity index","Percent","239","units","0","v44312658","33.6","5.61","","","","2"
"2021","Alberta [48]","2021A000248","Youth crime severity index","Index","160","units","0","v53079704","33.7","36.05","","","","2"
"2022","Alberta [48]","2021A000248","Youth crime severity index","Index","160","units","0","v53079704","33.7","43.16","","","","2"
"2021","Alberta [48]","2021A000248","Percent change in youth crime severity index","Percent","239","units","0","v53079705","33.8","-5.21","","","","2"
"2022","Alberta [48]","2021A000248","Percent change in youth crime severity index","Percent","239","units","0","v53079705","33.8","19.72","","","","2"
"2021","Alberta [48]","2021A000248","Youth violent crime severity index","Index","160","units","0","v53079706","33.9","57.42","","","","2"
"2022","Alberta [48]","2021A000248","Youth violent crime severity index","Index","160","units","0","v53079706","33.9","71.65","","","","2"
"2021","Alberta [48]","2021A000248","Percent change in youth violent crime severity index","Percent","239","units","0","v53079928","33.10","-3.17","","","","2"
"2022","Alberta [48]","2021A000248","Percent change in youth violent crime severity index","Percent","239","units","0","v53079928","33.10","24.78","","","","2"
"2021","Alberta [48]","2021A000248","Youth non-violent crime severity index","Index","160","units","0","v53079696","33.11","21.13","","","","2"
"2022","Alberta [48]","2021A000248","Youth non-violent crime severity index","Index","160","units","0","v53079696","33.11","23.28","","","","2"
"2021","Alberta [48]","2021A000248","Percent change in youth non-violent crime severity index","Percent","239","units","0","v53079697","33.12","-8.80","","","","2"
"2022","Alberta [48]","2021A000248","Percent change in youth non-violent crime severity index","Percent","239","units","0","v53079697","33.12","10.18","","","","2"
"2021","Alberta [48]","2021A000248","Weighted clearance rate","Number","223","units","0","v53079698","33.13","35.48","","","","2"
"2022","Alberta [48]","2021A000248","Weighted clearance rate","Number","223","units","0","v53079698","33.13","34.24","","","","2"
"2021","Alberta [48]","2021A000248","Percent change in weighted clearance rate","Percent","239","units","0","v53079699","33.14","3.23","","","","2"
"2022","Alberta [48]","2021A000248","Percent change in weighted clearance rate","Percent","239","units","0","v53079699","33.14","-3.49","","","","2"
"2021","Alberta [48]","2021A000248","Violent weighted clearance rate","Number","223","units","0","v53079700","33.15","52.80","","","","2"
"2022","Alberta [48]","2021A000248","Violent weighted clearance rate","Number","223","units","0","v53079700","33.15","52.44","","","","2"
"2021","Alberta [48]","2021A000248","Percent change in violent weighted clearance rate","Percent","239","units","0","v53079701","33.16","-3.37","","","","2"
"2022","Alberta [48]","2021A000248","Percent change in violent weighted clearance rate","Percent","239","units","0","v53079701","33.16","-0.68","","","","2"
"2021","Alberta [48]","2021A000248","Non-violent weighted clearance rate","Number","223","units","0","v53079702","33.17","27.34","","","","2"
"2022","Alberta [48]","2021A000248","Non-violent weighted clearance rate","Number","223","units","0","v53079702","33.17","26.19","","","","2"
"2021","Alberta [48]","2021A000248","Percent change in non-violent weighted clearance rate","Percent","239","units","0","v53079703","33.18","1.37","","","","2"
"2022","Alberta [48]","2021A000248","Percent change in non-violent weighted clearance rate","Percent","239","units","0","v53079703","33.18","-4.21","","","","2"
"2021","British Columbia [59]","2021A000259","Crime severity index","Index","160","units","0","v44312671","36.1","96.44","","","","2"
"2022","British Columbia [59]","2021A000259","Crime severity index","Index","160","units","0","v44312671","36.1","100.37","","","","2"
"2021","British Columbia [59]","2021A000259","Percent change in crime severity index","Percent","239","units","0","v44312672","36.2","-1.00","","","","2"
"2022","British Columbia [59]","2021A000259","Percent change in crime severity index","Percent","239","units","0","v44312672","36.2","4.08","","","","2"
"2021","British Columbia [59]","2021A000259","Violent crime severity index","Index","160","units","0","v44312673","36.3","95.42","","","","2"
"2022","British Columbia [59]","2021A000259","Violent crime severity index","Index","160","units","0","v44312673","36.3","101.31","","","","2"
"2021","British Columbia [59]","2021A000259","Percent change in violent crime severity index","Percent","239","units","0","v44312674","36.4","4.54","","","","2"
"2022","British Columbia [59]","2021A000259","Percent change in violent crime severity index","Percent","239","units","0","v44312674","36.4","6.17","","","","2"
"2021","British Columbia [59]","2021A000259","Non-violent crime severity index","Index","160","units","0","v44312675","36.5","97.66","","","","2"
"2022","British Columbia [59]","2021A000259","Non-violent crime severity index","Index","160","units","0","v44312675","36.5","100.84","","","","2"
"2021","British Columbia [59]","2021A000259","Percent change in non-violent crime severity index","Percent","239","units","0","v44312676","36.6","-1.74","","","","2"
"2022","British Columbia [59]","2021A000259","Percent change in non-violent crime severity index","Percent","239","units","0","v44312676","36.6","3.26","","","","2"
"2021","British Columbia [59]","2021A000259","Youth crime severity index","Index","160","units","0","v53079734","36.7","27.37","","","","2"
"2022","British Columbia [59]","2021A000259","Youth crime severity index","Index","160","units","0","v53079734","36.7","31.04","","","","2"
"2021","British Columbia [59]","2021A000259","Percent change in youth crime severity index","Percent","239","units","0","v53079735","36.8","-6.94","","","","2"
"2022","British Columbia [59]","2021A000259","Percent change in youth crime severity index","Percent","239","units","0","v53079735","36.8","13.41","","","","2"
"2021","British Columbia [59]","2021A000259","Youth violent crime severity index","Index","160","units","0","v53079736","36.9","38.76","","","","2"
"2022","British Columbia [59]","2021A000259","Youth violent crime severity index","Index","160","units","0","v53079736","36.9","44.77","","","","2"
"2021","British Columbia [59]","2021A000259","Percent change in youth violent crime severity index","Percent","239","units","0","v53079929","36.10","-3.89","","","","2"
"2022","British Columbia [59]","2021A000259","Percent change in youth violent crime severity index","Percent","239","units","0","v53079929","36.10","15.51","","","","2"
"2021","British Columbia [59]","2021A000259","Youth non-violent crime severity index","Index","160","units","0","v53079726","36.11","19.40","","","","2"
"2022","British Columbia [59]","2021A000259","Youth non-violent crime severity index","Index","160","units","0","v53079726","36.11","21.44","","","","2"
"2021","British Columbia [59]","2021A000259","Percent change in youth non-violent crime severity index","Percent","239","units","0","v53079727","36.12","-10.56","","","","2"
"2022","British Columbia [59]","2021A000259","Percent change in youth non-violent crime severity index","Percent","239","units","0","v53079727","36.12","10.52","","","","2"
"2021","British Columbia [59]","2021A000259","Weighted clearance rate","Number","223","units","0","v53079728","36.13","25.04","","","","2"
"2022","British Columbia [59]","2021A000259","Weighted clearance rate","Number","223","units","0","v53079728","36.13","23.69","","","","2"
"2021","British Columbia [59]","2021A000259","Percent change in weighted clearance rate","Percent","239","units","0","v53079729","36.14","-3.28","","","","2"
"2022","British Columbia [59]","2021A000259","Percent change in weighted clearance rate","Percent","239","units","0","v53079729","36.14","-5.39","","","","2"
"2021","British Columbia [59]","2021A000259","Violent weighted clearance rate","Number","223","units","0","v53079730","36.15","42.24","","","","2"
"2022","British Columbia [59]","2021A000259","Violent weighted clearance rate","Number","223","units","0","v53079730","36.15","42.83","","","","2"
"2021","British Columbia [59]","2021A000259","Percent change in violent weighted clearance rate","Percent","239","units","0","v53079731","36.16","-5.52","","","","2"
"2022","British Columbia [59]","2021A000259","Percent change in violent weighted clearance rate","Percent","239","units","0","v53079731","36.16","1.40","","","","2"
"2021","British Columbia [59]","2021A000259","Non-violent weighted clearance rate","Number","223","units","0","v53079732","36.17","18.33","","","","2"
"2022","British Columbia [59]","2021A000259","Non-violent weighted clearance rate","Number","223","units","0","v53079732","36.17","16.00","","","","2"
"2021","British Columbia [59]","2021A000259","Percent change in non-violent weighted clearance rate","Percent","239","units","0","v53079733","36.18","-6.81","","","","2"
"2022","British Columbia [59]","2021A000259","Percent change in non-violent weighted clearance rate","Percent","239","units","0","v53079733","36.18","-12.71","","","","2"
"2021","Yukon [60]","2021A000260","Crime severity index","Index","160","units","0","v44312695","40.1","219.66","","","","2"
"2022","Yukon [60]","2021A000260","Crime severity index","Index","160","units","0","v44312695","40.1","213.50","","","","2"
"2021","Yukon [60]","2021A000260","Percent change in crime severity index","Percent","239","units","0","v44312696","40.2","2.28","","","","2"
"2022","Yukon [60]","2021A000260","Percent change in crime severity index","Percent","239","units","0","v44312696","40.2","-2.80","","","","2"
"2021","Yukon [60]","2021A000260","Violent crime severity index","Index","160","units","0","v44312697","40.3","273.64","","","","2"
"2022","Yukon [60]","2021A000260","Violent crime severity index","Index","160","units","0","v44312697","40.3","273.44","","","","2"
"2021","Yukon [60]","2021A000260","Percent change in violent crime severity index","Percent","239","units","0","v44312698","40.4","7.17","","","","2"
"2022","Yukon [60]","2021A000260","Percent change in violent crime severity index","Percent","239","units","0","v44312698","40.4","-0.07","","","","2"
"2021","Yukon [60]","2021A000260","Non-violent crime severity index","Index","160","units","0","v44312699","40.5","199.94","","","","2"
"2022","Yukon [60]","2021A000260","Non-violent crime severity index","Index","160","units","0","v44312699","40.5","191.35","","","","2"
"2021","Yukon [60]","2021A000260","Percent change in non-violent crime severity index","Percent","239","units","0","v44312700","40.6","0.14","","","","2"
"2022","Yukon [60]","2021A000260","Percent change in non-violent crime severity index","Percent","239","units","0","v44312700","40.6","-4.30","","","","2"
"2021","Yukon [60]","2021A000260","Youth crime severity index","Index","160","units","0","v53079785","40.7","116.08","","","","2"
"2022","Yukon [60]","2021A000260","Youth crime severity index","Index","160","units","0","v53079785","40.7","102.47","","","","2"
"2021","Yukon [60]","2021A000260","Percent change in youth crime severity index","Percent","239","units","0","v53079786","40.8","0.59","","","","2"
"2022","Yukon [60]","2021A000260","Percent change in youth crime severity index","Percent","239","units","0","v53079786","40.8","-11.72","","","","2"
"2021","Yukon [60]","2021A000260","Youth violent crime severity index","Index","160","units","0","v53079787","40.9","153.00","","","","2"
"2022","Yukon [60]","2021A000260","Youth violent crime severity index","Index","160","units","0","v53079787","40.9","142.28","","","","2"
"2021","Yukon [60]","2021A000260","Percent change in youth violent crime severity index","Percent","239","units","0","v53079930","40.10","17.74","","","","2"
"2022","Yukon [60]","2021A000260","Percent change in youth violent crime severity index","Percent","239","units","0","v53079930","40.10","-7.01","","","","2"
"2021","Yukon [60]","2021A000260","Youth non-violent crime severity index","Index","160","units","0","v53079777","40.11","90.15","","","","2"
"2022","Yukon [60]","2021A000260","Youth non-violent crime severity index","Index","160","units","0","v53079777","40.11","74.58","","","","2"
"2021","Yukon [60]","2021A000260","Percent change in youth non-violent crime severity index","Percent","239","units","0","v53079778","40.12","-13.66","","","","2"
"2022","Yukon [60]","2021A000260","Percent change in youth non-violent crime severity index","Percent","239","units","0","v53079778","40.12","-17.27","","","","2"
"2021","Yukon [60]","2021A000260","Weighted clearance rate","Number","223","units","0","v53079779","40.13","43.05","","","","2"
"2022","Yukon [60]","2021A000260","Weighted clearance rate","Number","223","units","0","v53079779","40.13","36.33","","","","2"
"2021","Yukon [60]","2021A000260","Percent change in weighted clearance rate","Percent","239","units","0","v53079780","40.14","7.38","","","","2"
"2022","Yukon [60]","2021A000260","Percent change in weighted clearance rate","Percent","239","units","0","v53079780","40.14","-15.61","","","","2"
"2021","Yukon [60]","2021A000260","Violent weighted clearance rate","Number","223","units","0","v53079781","40.15","62.19","","","","2"
"2022","Yukon [60]","2021A000260","Violent weighted clearance rate","Number","223","units","0","v53079781","40.15","49.84","","","","2"
"2021","Yukon [60]","2021A000260","Percent change in violent weighted clearance rate","Percent","239","units","0","v53079782","40.16","16.70","","","","2"
"2022","Yukon [60]","2021A000260","Percent change in violent weighted clearance rate","Percent","239","units","0","v53079782","40.16","-19.86","","","","2"
"2021","Yukon [60]","2021A000260","Non-violent weighted clearance rate","Number","223","units","0","v53079783","40.17","32.59","","","","2"
"2022","Yukon [60]","2021A000260","Non-violent weighted clearance rate","Number","223","units","0","v53079783","40.17","28.61","","","","2"
"2021","Yukon [60]","2021A000260","Percent change in non-violent weighted clearance rate","Percent","239","units","0","v53079784","40.18","-4.20","","","","2"
"2022","Yukon [60]","2021A000260","Percent change in non-violent weighted clearance rate","Percent","239","units","0","v53079784","40.18","-12.21","","","","2"
"2021","Northwest Territories [61]","2021A000261","Crime severity index","Index","160","units","0","v44312701","41.1","412.45","","","","2"
"2022","Northwest Territories [61]","2021A000261","Crime severity index","Index","160","units","0","v44312701","41.1","449.96","","","","2"
"2021","Northwest Territories [61]","2021A000261","Percent change in crime severity index","Percent","239","units","0","v44312702","41.2","-0.44","","","","2"
"2022","Northwest Territories [61]","2021A000261","Percent change in crime severity index","Percent","239","units","0","v44312702","41.2","9.09","","","","2"
"2021","Northwest Territories [61]","2021A000261","Violent crime severity index","Index","160","units","0","v44312703","41.3","475.08","","","","2"
"2022","Northwest Territories [61]","2021A000261","Violent crime severity index","Index","160","units","0","v44312703","41.3","548.02","","","","2"
"2021","Northwest Territories [61]","2021A000261","Percent change in violent crime severity index","Percent","239","units","0","v44312704","41.4","-8.21","","","","2"
"2022","Northwest Territories [61]","2021A000261","Percent change in violent crime severity index","Percent","239","units","0","v44312704","41.4","15.35","","","","2"
"2021","Northwest Territories [61]","2021A000261","Non-violent crime severity index","Index","160","units","0","v44312705","41.5","390.91","","","","2"
"2022","Northwest Territories [61]","2021A000261","Non-violent crime severity index","Index","160","units","0","v44312705","41.5","414.57","","","","2"
"2021","Northwest Territories [61]","2021A000261","Percent change in non-violent crime severity index","Percent","239","units","0","v44312706","41.6","3.92","","","","2"
"2022","Northwest Territories [61]","2021A000261","Percent change in non-violent crime severity index","Percent","239","units","0","v44312706","41.6","6.05","","","","2"
"2021","Northwest Territories [61]","2021A000261","Youth crime severity index","Index","160","units","0","v53079797","41.7","116.71","","","","2"
"2022","Northwest Territories [61]","2021A000261","Youth crime severity index","Index","160","units","0","v53079797","41.7","157.86","","","","2"
"2021","Northwest Territories [61]","2021A000261","Percent change in youth crime severity index","Percent","239","units","0","v53079798","41.8","-17.80","","","","2"
"2022","Northwest Territories [61]","2021A000261","Percent change in youth crime severity index","Percent","239","units","0","v53079798","41.8","35.26","","","","2"
"2021","Northwest Territories [61]","2021A000261","Youth violent crime severity index","Index","160","units","0","v53079799","41.9","163.00","","","","2"
"2022","Northwest Territories [61]","2021A000261","Youth violent crime severity index","Index","160","units","0","v53079799","41.9","208.34","","","","2"
"2021","Northwest Territories [61]","2021A000261","Percent change in youth violent crime severity index","Percent","239","units","0","v53079931","41.10","7.15","","","","2"
"2022","Northwest Territories [61]","2021A000261","Percent change in youth violent crime severity index","Percent","239","units","0","v53079931","41.10","27.82","","","","2"
"2021","Northwest Territories [61]","2021A000261","Youth non-violent crime severity index","Index","160","units","0","v53079789","41.11","84.28","","","","2"
"2022","Northwest Territories [61]","2021A000261","Youth non-violent crime severity index","Index","160","units","0","v53079789","41.11","122.41","","","","2"
"2021","Northwest Territories [61]","2021A000261","Percent change in youth non-violent crime severity index","Percent","239","units","0","v53079790","41.12","-37.00","","","","2"
"2022","Northwest Territories [61]","2021A000261","Percent change in youth non-violent crime severity index","Percent","239","units","0","v53079790","41.12","45.24","","","","2"
"2021","Northwest Territories [61]","2021A000261","Weighted clearance rate","Number","223","units","0","v53079791","41.13","39.54","","","","2"
"2022","Northwest Territories [61]","2021A000261","Weighted clearance rate","Number","223","units","0","v53079791","41.13","35.94","","","","2"
"2021","Northwest Territories [61]","2021A000261","Percent change in weighted clearance rate","Percent","239","units","0","v53079792","41.14","-19.44","","","","2"
"2022","Northwest Territories [61]","2021A000261","Percent change in weighted clearance rate","Percent","239","units","0","v53079792","41.14","-9.10","","","","2"
"2021","Northwest Territories [61]","2021A000261","Violent weighted clearance rate","Number","223","units","0","v53079793","41.15","53.48","","","","2"
"2022","Northwest Territories [61]","2021A000261","Violent weighted clearance rate","Number","223","units","0","v53079793","41.15","51.41","","","","2"
"2021","Northwest Territories [61]","2021A000261","Percent change in violent weighted clearance rate","Percent","239","units","0","v53079794","41.16","-13.73","","","","2"
"2022","Northwest Territories [61]","2021A000261","Percent change in violent weighted clearance rate","Percent","239","units","0","v53079794","41.16","-3.87","","","","2"
"2021","Northwest Territories [61]","2021A000261","Non-violent weighted clearance rate","Number","223","units","0","v53079795","41.17","32.77","","","","2"
"2022","Northwest Territories [61]","2021A000261","Non-violent weighted clearance rate","Number","223","units","0","v53079795","41.17","27.76","","","","2"
"2021","Northwest Territories [61]","2021A000261","Percent change in non-violent weighted clearance rate","Percent","239","units","0","v53079796","41.18","-23.24","","","","2"
"2022","Northwest Territories [61]","2021A000261","Percent change in non-violent weighted clearance rate","Percent","239","units","0","v53079796","41.18","-15.29","","","","2"
"2021","Nunavut [62]","2021A000262","Crime severity index","Index","160","units","0","v44312707","42.1","390.56","","","","2"
"2022","Nunavut [62]","2021A000262","Crime severity index","Index","160","units","0","v44312707","42.1","383.88","","","","2"
"2021","Nunavut [62]","2021A000262","Percent change in crime severity index","Percent","239","units","0","v44312708","42.2","3.33","","","","2"
"2022","Nunavut [62]","2021A000262","Percent change in crime severity index","Percent","239","units","0","v44312708","42.2","-1.71","","","","2"
"2021","Nunavut [62]","2021A000262","Violent crime severity index","Index","160","units","0","v44312709","42.3","592.29","","","","2"
"2022","Nunavut [62]","2021A000262","Violent crime severity index","Index","160","units","0","v44312709","42.3","585.41","","","","2"
"2021","Nunavut [62]","2021A000262","Percent change in violent crime severity index","Percent","239","units","0","v44312710","42.4","-9.70","","","","2"
"2022","Nunavut [62]","2021A000262","Percent change in violent crime severity index","Percent","239","units","0","v44312710","42.4","-1.16","","","","2"
"2021","Nunavut [62]","2021A000262","Non-violent crime severity index","Index","160","units","0","v44312711","42.5","313.23","","","","2"
"2022","Nunavut [62]","2021A000262","Non-violent crime severity index","Index","160","units","0","v44312711","42.5","306.57","","","","2"
"2021","Nunavut [62]","2021A000262","Percent change in non-violent crime severity index","Percent","239","units","0","v44312712","42.6","13.03","","","","2"
"2022","Nunavut [62]","2021A000262","Percent change in non-violent crime severity index","Percent","239","units","0","v44312712","42.6","-2.13","","","","2"
"2021","Nunavut [62]","2021A000262","Youth crime severity index","Index","160","units","0","v53079809","42.7","137.52","","","","2"
"2022","Nunavut [62]","2021A000262","Youth crime severity index","Index","160","units","0","v53079809","42.7","125.16","","","","2"
"2021","Nunavut [62]","2021A000262","Percent change in youth crime severity index","Percent","239","units","0","v53079810","42.8","1.12","","","","2"
"2022","Nunavut [62]","2021A000262","Percent change in youth crime severity index","Percent","239","units","0","v53079810","42.8","-8.99","","","","2"
"2021","Nunavut [62]","2021A000262","Youth violent crime severity index","Index","160","units","0","v53079811","42.9","147.93","","","","2"
"2022","Nunavut [62]","2021A000262","Youth violent crime severity index","Index","160","units","0","v53079811","42.9","134.75","","","","2"
"2021","Nunavut [62]","2021A000262","Percent change in youth violent crime severity index","Percent","239","units","0","v53079934","42.10","-16.32","","","","2"
"2022","Nunavut [62]","2021A000262","Percent change in youth violent crime severity index","Percent","239","units","0","v53079934","42.10","-8.91","","","","2"
"2021","Nunavut [62]","2021A000262","Youth non-violent crime severity index","Index","160","units","0","v53079801","42.11","129.93","","","","2"
"2022","Nunavut [62]","2021A000262","Youth non-violent crime severity index","Index","160","units","0","v53079801","42.11","118.16","","","","2"
"2021","Nunavut [62]","2021A000262","Percent change in youth non-violent crime severity index","Percent","239","units","0","v53079802","42.12","21.52","","","","2"
"2022","Nunavut [62]","2021A000262","Percent change in youth non-violent crime severity index","Percent","239","units","0","v53079802","42.12","-9.06","","","","2"
"2021","Nunavut [62]","2021A000262","Weighted clearance rate","Number","223","units","0","v53079803","42.13","58.26","","","","2"
"2022","Nunavut [62]","2021A000262","Weighted clearance rate","Number","223","units","0","v53079803","42.13","54.88","","","","2"
"2021","Nunavut [62]","2021A000262","Percent change in weighted clearance rate","Percent","239","units","0","v53079804","42.14","-7.95","","","","2"
"2022","Nunavut [62]","2021A000262","Percent change in weighted clearance rate","Percent","239","units","0","v53079804","42.14","-5.80","","","","2"
"2021","Nunavut [62]","2021A000262","Violent weighted clearance rate","Number","223","units","0","v53079805","42.15","73.78","","","","2"
"2022","Nunavut [62]","2021A000262","Violent weighted clearance rate","Number","223","units","0","v53079805","42.15","69.67","","","","2"
"2021","Nunavut [62]","2021A000262","Percent change in violent weighted clearance rate","Percent","239","units","0","v53079806","42.16","-1.52","","","","2"
"2022","Nunavut [62]","2021A000262","Percent change in violent weighted clearance rate","Percent","239","units","0","v53079806","42.16","-5.57","","","","2"
"2021","Nunavut [62]","2021A000262","Non-violent weighted clearance rate","Number","223","units","0","v53079807","42.17","46.52","","","","2"
"2022","Nunavut [62]","2021A000262","Non-violent weighted clearance rate","Number","223","units","0","v53079807","42.17","43.59","","","","2"
"2021","Nunavut [62]","2021A000262","Percent change in non-violent weighted clearance rate","Percent","239","units","0","v53079808","42.18","-12.88","","","","2"
"2022","Nunavut [62]","2021A000262","Percent change in non-violent weighted clearance rate","Percent","239","units","0","v53079808","42.18","-6.30","","","","2"


